tanggal,id_jenis_ikan,jumlah_terjual,total_harga,id_pengguna
2020-01-01,1,1287,77220000,2
2020-01-02,1,2298,137880000,2
2020-01-03,1,2206,132360000,2
2020-01-04,1,1115,66900000,2
2020-01-05,1,2403,144180000,2
2020-01-06,1,1816,108960000,2
2020-01-07,1,2235,134100000,2
2020-01-08,1,2172,130320000,2
2020-01-09,1,1200,72000000,2
2020-01-10,1,1849,110940000,2
2020-01-11,1,1710,102600000,2
2020-01-12,1,1109,66540000,2
2020-01-13,1,1278,76680000,2
2020-01-14,1,1561,93660000,2
2020-01-15,1,2466,147960000,2
2020-01-16,1,1869,112140000,2
2020-01-17,1,2549,152940000,2
2020-01-18,1,1592,95520000,2
2020-01-19,1,1331,79860000,2
2020-01-20,1,1627,97620000,2
2020-01-21,1,2016,120960000,2
2020-01-22,1,2298,137880000,2
2020-01-23,1,1422,85320000,2
2020-01-24,1,1702,102120000,2
2020-01-25,1,1569,94140000,2
2020-01-26,1,1834,110040000,2
2020-01-27,1,2076,124560000,2
2020-01-28,1,1201,72060000,2
2020-01-29,1,1786,107160000,2
2020-01-30,1,1359,81540000,2
2020-01-31,1,2422,145320000,2
2020-02-01,1,1582,94920000,2
2020-02-02,1,1862,111720000,2
2020-02-03,1,2436,146160000,2
2020-02-04,1,1110,66600000,2
2020-02-05,1,1161,69660000,2
2020-02-06,1,1669,100140000,2
2020-02-07,1,2034,122040000,2
2020-02-08,1,1830,109800000,2
2020-02-09,1,2322,139320000,2
2020-02-10,1,2362,141720000,2
2020-02-11,1,2049,122940000,2
2020-02-12,1,1889,113340000,2
2020-02-13,1,1935,116100000,2
2020-02-14,1,1134,68040000,2
2020-02-15,1,1849,110940000,2
2020-02-16,1,1148,68880000,2
2020-02-17,1,1713,102780000,2
2020-02-18,1,1042,62520000,2
2020-02-19,1,2018,121080000,2
2020-02-20,1,1935,116100000,2
2020-02-21,1,2303,138180000,2
2020-02-22,1,2523,151380000,2
2020-02-23,1,2311,138660000,2
2020-02-24,1,1072,64320000,2
2020-02-25,1,1605,96300000,2
2020-02-26,1,1391,83460000,2
2020-02-27,1,1437,86220000,2
2020-02-28,1,2219,133140000,2
2020-02-29,1,1001,60060000,2
2020-03-01,1,1583,94980000,2
2020-03-02,1,1210,72600000,2
2020-03-03,1,2488,149280000,2
2020-03-04,1,1580,94800000,2
2020-03-05,1,1116,66960000,2
2020-03-06,1,2288,137280000,2
2020-03-07,1,2508,150480000,2
2020-03-08,1,2082,124920000,2
2020-03-09,1,1323,79380000,2
2020-03-10,1,1007,60420000,2
2020-03-11,1,1350,81000000,2
2020-03-12,1,1656,99360000,2
2020-03-13,1,2158,129480000,2
2020-03-14,1,2337,140220000,2
2020-03-15,1,1823,109380000,2
2020-03-16,1,1837,110220000,2
2020-03-17,1,2024,121440000,2
2020-03-18,1,1587,95220000,2
2020-03-19,1,1622,97320000,2
2020-03-20,1,1587,95220000,2
2020-03-21,1,1426,85560000,2
2020-03-22,1,1931,115860000,2
2020-03-23,1,1181,70860000,2
2020-03-24,1,1102,66120000,2
2020-03-25,1,2289,137340000,2
2020-03-26,1,2107,126420000,2
2020-03-27,1,1992,119520000,2
2020-03-28,1,2410,144600000,2
2020-03-29,1,2163,129780000,2
2020-03-30,1,1574,94440000,2
2020-03-31,1,1351,81060000,2
2020-04-01,1,2330,139800000,2
2020-04-02,1,1562,93720000,2
2020-04-03,1,1831,109860000,2
2020-04-04,1,2175,130500000,2
2020-04-05,1,1802,108120000,2
2020-04-06,1,1347,80820000,2
2020-04-07,1,1195,71700000,2
2020-04-08,1,1610,96600000,2
2020-04-09,1,2443,146580000,2
2020-04-10,1,1400,84000000,2
2020-04-11,1,1467,88020000,2
2020-04-12,1,1304,78240000,2
2020-04-13,1,2490,149400000,2
2020-04-14,1,1826,109560000,2
2020-04-15,1,1226,73560000,2
2020-04-16,1,1035,62100000,2
2020-04-17,1,2493,149580000,2
2020-04-18,1,1517,91020000,2
2020-04-19,1,2100,126000000,2
2020-04-20,1,1412,84720000,2
2020-04-21,1,2091,125460000,2
2020-04-22,1,2212,132720000,2
2020-04-23,1,1178,70680000,2
2020-04-24,1,1097,65820000,2
2020-04-25,1,1097,65820000,2
2020-04-26,1,1500,90000000,2
2020-04-27,1,2445,146700000,2
2020-04-28,1,2126,127560000,2
2020-04-29,1,2016,120960000,2
2020-04-30,1,1209,72540000,2
2020-05-01,1,1435,86100000,2
2020-05-02,1,2306,138360000,2
2020-05-03,1,1493,89580000,2
2020-05-04,1,1817,109020000,2
2020-05-05,1,1908,114480000,2
2020-05-06,1,1950,117000000,2
2020-05-07,1,1412,84720000,2
2020-05-08,1,2232,133920000,2
2020-05-09,1,1569,94140000,2
2020-05-10,1,2464,147840000,2
2020-05-11,1,1589,95340000,2
2020-05-12,1,1396,83760000,2
2020-05-13,1,1377,82620000,2
2020-05-14,1,1088,65280000,2
2020-05-15,1,1782,106920000,2
2020-05-16,1,1349,80940000,2
2020-05-17,1,1677,100620000,2
2020-05-18,1,1296,77760000,2
2020-05-19,1,2438,146280000,2
2020-05-20,1,2214,132840000,2
2020-05-21,1,2036,122160000,2
2020-05-22,1,1165,69900000,2
2020-05-23,1,1862,111720000,2
2020-05-24,1,1239,74340000,2
2020-05-25,1,2451,147060000,2
2020-05-26,1,2202,132120000,2
2020-05-27,1,2128,127680000,2
2020-05-28,1,1372,82320000,2
2020-05-29,1,1318,79080000,2
2020-05-30,1,2389,143340000,2
2020-05-31,1,1177,70620000,2
2020-06-01,1,1392,83520000,2
2020-06-02,1,1688,101280000,2
2020-06-03,1,2271,136260000,2
2020-06-04,1,1706,102360000,2
2020-06-05,1,1091,65460000,2
2020-06-06,1,1498,89880000,2
2020-06-07,1,2326,139560000,2
2020-06-08,1,2279,136740000,2
2020-06-09,1,1622,97320000,2
2020-06-10,1,1346,80760000,2
2020-06-11,1,2160,129600000,2
2020-06-12,1,2128,127680000,2
2020-06-13,1,1905,114300000,2
2020-06-14,1,2034,122040000,2
2020-06-15,1,2453,147180000,2
2020-06-16,1,2067,124020000,2
2020-06-17,1,1941,116460000,2
2020-06-18,1,1248,74880000,2
2020-06-19,1,2142,128520000,2
2020-06-20,1,2053,123180000,2
2020-06-21,1,2288,137280000,2
2020-06-22,1,1562,93720000,2
2020-06-23,1,1807,108420000,2
2020-06-24,1,1403,84180000,2
2020-06-25,1,1468,88080000,2
2020-06-26,1,2341,140460000,2
2020-06-27,1,2315,138900000,2
2020-06-28,1,1883,112980000,2
2020-06-29,1,1188,71280000,2
2020-06-30,1,2253,135180000,2
2020-07-01,1,2329,139740000,2
2020-07-02,1,1833,109980000,2
2020-07-03,1,1000,60000000,2
2020-07-04,1,1221,73260000,2
2020-07-05,1,1306,78360000,2
2020-07-06,1,2257,135420000,2
2020-07-07,1,1920,115200000,2
2020-07-08,1,1630,97800000,2
2020-07-09,1,1231,73860000,2
2020-07-10,1,1797,107820000,2
2020-07-11,1,1528,91680000,2
2020-07-12,1,1237,74220000,2
2020-07-13,1,1054,63240000,2
2020-07-14,1,1598,95880000,2
2020-07-15,1,1860,111600000,2
2020-07-16,1,2169,130140000,2
2020-07-17,1,2162,129720000,2
2020-07-18,1,1971,118260000,2
2020-07-19,1,2537,152220000,2
2020-07-20,1,1849,110940000,2
2020-07-21,1,1583,94980000,2
2020-07-22,1,2533,151980000,2
2020-07-23,1,2420,145200000,2
2020-07-24,1,2169,130140000,2
2020-07-25,1,2106,126360000,2
2020-07-26,1,2512,150720000,2
2020-07-27,1,1161,69660000,2
2020-07-28,1,1990,119400000,2
2020-07-29,1,2175,130500000,2
2020-07-30,1,2175,130500000,2
2020-07-31,1,2140,128400000,2
2020-08-01,1,2210,132600000,2
2020-08-02,1,2595,155700000,2
2020-08-03,1,1035,62100000,2
2020-08-04,1,1637,98220000,2
2020-08-05,1,2303,138180000,2
2020-08-06,1,1655,99300000,2
2020-08-07,1,2492,149520000,2
2020-08-08,1,1767,106020000,2
2020-08-09,1,1104,66240000,2
2020-08-10,1,1369,82140000,2
2020-08-11,1,2120,127200000,2
2020-08-12,1,1712,102720000,2
2020-08-13,1,1178,70680000,2
2020-08-14,1,2174,130440000,2
2020-08-15,1,2153,129180000,2
2020-08-16,1,2569,154140000,2
2020-08-17,1,2049,122940000,2
2020-08-18,1,1060,63600000,2
2020-08-19,1,1550,93000000,2
2020-08-20,1,1479,88740000,2
2020-08-21,1,2292,137520000,2
2020-08-22,1,2023,121380000,2
2020-08-23,1,2066,123960000,2
2020-08-24,1,1941,116460000,2
2020-08-25,1,2069,124140000,2
2020-08-26,1,1440,86400000,2
2020-08-27,1,1701,102060000,2
2020-08-28,1,2075,124500000,2
2020-08-29,1,2145,128700000,2
2020-08-30,1,1856,111360000,2
2020-08-31,1,1213,72780000,2
2020-09-01,1,1962,117720000,2
2020-09-02,1,2287,137220000,2
2020-09-03,1,1394,83640000,2
2020-09-04,1,1272,76320000,2
2020-09-05,1,2108,126480000,2
2020-09-06,1,1726,103560000,2
2020-09-07,1,1058,63480000,2
2020-09-08,1,1386,83160000,2
2020-09-09,1,2165,129900000,2
2020-09-10,1,1699,101940000,2
2020-09-11,1,1983,118980000,2
2020-09-12,1,2181,130860000,2
2020-09-13,1,1675,100500000,2
2020-09-14,1,1985,119100000,2
2020-09-15,1,1438,86280000,2
2020-09-16,1,1432,85920000,2
2020-09-17,1,2558,153480000,2
2020-09-18,1,1578,94680000,2
2020-09-19,1,2339,140340000,2
2020-09-20,1,1609,96540000,2
2020-09-21,1,1813,108780000,2
2020-09-22,1,2439,146340000,2
2020-09-23,1,2170,130200000,2
2020-09-24,1,2013,120780000,2
2020-09-25,1,1770,106200000,2
2020-09-26,1,1602,96120000,2
2020-09-27,1,1362,81720000,2
2020-09-28,1,1630,97800000,2
2020-09-29,1,2052,123120000,2
2020-09-30,1,1802,108120000,2
2020-10-01,1,2375,142500000,2
2020-10-02,1,2289,137340000,2
2020-10-03,1,1179,70740000,2
2020-10-04,1,1222,73320000,2
2020-10-05,1,2565,153900000,2
2020-10-06,1,1997,119820000,2
2020-10-07,1,2317,139020000,2
2020-10-08,1,1563,93780000,2
2020-10-09,1,2471,148260000,2
2020-10-10,1,2327,139620000,2
2020-10-11,1,2255,135300000,2
2020-10-12,1,2567,154020000,2
2020-10-13,1,2222,133320000,2
2020-10-14,1,1320,79200000,2
2020-10-15,1,1447,86820000,2
2020-10-16,1,1002,60120000,2
2020-10-17,1,2269,136140000,2
2020-10-18,1,1441,86460000,2
2020-10-19,1,2406,144360000,2
2020-10-20,1,2002,120120000,2
2020-10-21,1,2193,131580000,2
2020-10-22,1,1830,109800000,2
2020-10-23,1,2570,154200000,2
2020-10-24,1,1361,81660000,2
2020-10-25,1,2152,129120000,2
2020-10-26,1,2278,136680000,2
2020-10-27,1,1356,81360000,2
2020-10-28,1,1036,62160000,2
2020-10-29,1,1157,69420000,2
2020-10-30,1,2131,127860000,2
2020-10-31,1,2405,144300000,2
2020-11-01,1,2067,124020000,2
2020-11-02,1,1309,78540000,2
2020-11-03,1,2042,122520000,2
2020-11-04,1,1738,104280000,2
2020-11-05,1,2091,125460000,2
2020-11-06,1,1629,97740000,2
2020-11-07,1,1152,69120000,2
2020-11-08,1,1146,68760000,2
2020-11-09,1,1119,67140000,2
2020-11-10,1,1770,106200000,2
2020-11-11,1,2283,136980000,2
2020-11-12,1,2325,139500000,2
2020-11-13,1,1437,86220000,2
2020-11-14,1,1703,102180000,2
2020-11-15,1,1716,102960000,2
2020-11-16,1,1172,70320000,2
2020-11-17,1,2557,153420000,2
2020-11-18,1,1803,108180000,2
2020-11-19,1,1827,109620000,2
2020-11-20,1,1986,119160000,2
2020-11-21,1,1604,96240000,2
2020-11-22,1,1694,101640000,2
2020-11-23,1,2501,150060000,2
2020-11-24,1,1656,99360000,2
2020-11-25,1,2286,137160000,2
2020-11-26,1,1029,61740000,2
2020-11-27,1,1889,113340000,2
2020-11-28,1,2410,144600000,2
2020-11-29,1,1965,117900000,2
2020-11-30,1,1817,109020000,2
2020-12-01,1,1231,73860000,2
2020-12-02,1,1310,78600000,2
2020-12-03,1,2399,143940000,2
2020-12-04,1,1614,96840000,2
2020-12-05,1,1544,92640000,2
2020-12-06,1,1248,74880000,2
2020-12-07,1,1812,108720000,2
2020-12-08,1,1069,64140000,2
2020-12-09,1,1902,114120000,2
2020-12-10,1,1151,69060000,2
2020-12-11,1,2081,124860000,2
2020-12-12,1,1479,88740000,2
2020-12-13,1,2186,131160000,2
2020-12-14,1,1347,80820000,2
2020-12-15,1,1021,61260000,2
2020-12-16,1,1478,88680000,2
2020-12-17,1,1607,96420000,2
2020-12-18,1,1106,66360000,2
2020-12-19,1,1607,96420000,2
2020-12-20,1,1512,90720000,2
2020-12-21,1,1554,93240000,2
2020-12-22,1,1307,78420000,2
2020-12-23,1,1411,84660000,2
2020-12-24,1,1447,86820000,2
2020-12-25,1,1836,110160000,2
2020-12-26,1,2348,140880000,2
2020-12-27,1,1947,116820000,2
2020-12-28,1,1111,66660000,2
2020-12-29,1,1575,94500000,2
2020-12-30,1,1851,111060000,2
2020-12-31,1,1114,66840000,2
2021-01-01,1,2392,143520000,2
2021-01-02,1,1388,83280000,2
2021-01-03,1,1996,119760000,2
2021-01-04,1,2070,124200000,2
2021-01-05,1,1629,97740000,2
2021-01-06,1,1774,106440000,2
2021-01-07,1,2025,121500000,2
2021-01-08,1,1847,110820000,2
2021-01-09,1,1984,119040000,2
2021-01-10,1,2148,128880000,2
2021-01-11,1,2449,146940000,2
2021-01-12,1,1267,76020000,2
2021-01-13,1,2472,148320000,2
2021-01-14,1,1704,102240000,2
2021-01-15,1,1320,79200000,2
2021-01-16,1,1410,84600000,2
2021-01-17,1,2194,131640000,2
2021-01-18,1,1720,103200000,2
2021-01-19,1,1995,119700000,2
2021-01-20,1,1395,83700000,2
2021-01-21,1,2213,132780000,2
2021-01-22,1,2584,155040000,2
2021-01-23,1,1748,104880000,2
2021-01-24,1,1696,101760000,2
2021-01-25,1,1460,87600000,2
2021-01-26,1,1714,102840000,2
2021-01-27,1,2575,154500000,2
2021-01-28,1,1137,68220000,2
2021-01-29,1,1467,88020000,2
2021-01-30,1,1942,116520000,2
2021-01-31,1,1141,68460000,2
2021-02-01,1,2142,128520000,2
2021-02-02,1,1565,93900000,2
2021-02-03,1,1705,102300000,2
2021-02-04,1,2128,127680000,2
2021-02-05,1,2008,120480000,2
2021-02-06,1,1498,89880000,2
2021-02-07,1,1090,65400000,2
2021-02-08,1,1321,79260000,2
2021-02-09,1,1702,102120000,2
2021-02-10,1,2553,153180000,2
2021-02-11,1,2069,124140000,2
2021-02-12,1,1803,108180000,2
2021-02-13,1,1386,83160000,2
2021-02-14,1,2492,149520000,2
2021-02-15,1,2423,145380000,2
2021-02-16,1,2406,144360000,2
2021-02-17,1,2477,148620000,2
2021-02-18,1,1057,63420000,2
2021-02-19,1,2497,149820000,2
2021-02-20,1,1072,64320000,2
2021-02-21,1,1101,66060000,2
2021-02-22,1,1078,64680000,2
2021-02-23,1,1144,68640000,2
2021-02-24,1,1299,77940000,2
2021-02-25,1,2074,124440000,2
2021-02-26,1,1403,84180000,2
2021-02-27,1,2591,155460000,2
2021-02-28,1,2211,132660000,2
2021-03-01,1,1263,75780000,2
2021-03-02,1,1444,86640000,2
2021-03-03,1,2045,122700000,2
2021-03-04,1,1628,97680000,2
2021-03-05,1,2237,134220000,2
2021-03-06,1,1212,72720000,2
2021-03-07,1,1766,105960000,2
2021-03-08,1,1202,72120000,2
2021-03-09,1,2254,135240000,2
2021-03-10,1,1983,118980000,2
2021-03-11,1,1114,66840000,2
2021-03-12,1,1174,70440000,2
2021-03-13,1,2430,145800000,2
2021-03-14,1,1702,102120000,2
2021-03-15,1,2437,146220000,2
2021-03-16,1,1720,103200000,2
2021-03-17,1,1379,82740000,2
2021-03-18,1,1465,87900000,2
2021-03-19,1,1816,108960000,2
2021-03-20,1,1670,100200000,2
2021-03-21,1,1879,112740000,2
2021-03-22,1,2003,120180000,2
2021-03-23,1,1717,103020000,2
2021-03-24,1,1243,74580000,2
2021-03-25,1,1492,89520000,2
2021-03-26,1,1860,111600000,2
2021-03-27,1,1816,108960000,2
2021-03-28,1,1401,84060000,2
2021-03-29,1,2008,120480000,2
2021-03-30,1,1275,76500000,2
2021-03-31,1,2037,122220000,2
2021-04-01,1,1162,69720000,2
2021-04-02,1,1294,77640000,2
2021-04-03,1,1375,82500000,2
2021-04-04,1,1571,94260000,2
2021-04-05,1,1879,112740000,2
2021-04-06,1,1527,91620000,2
2021-04-07,1,2366,141960000,2
2021-04-08,1,1059,63540000,2
2021-04-09,1,1932,115920000,2
2021-04-10,1,1414,84840000,2
2021-04-11,1,2073,124380000,2
2021-04-12,1,1801,108060000,2
2021-04-13,1,1038,62280000,2
2021-04-14,1,2529,151740000,2
2021-04-15,1,1571,94260000,2
2021-04-16,1,1747,104820000,2
2021-04-17,1,2332,139920000,2
2021-04-18,1,1578,94680000,2
2021-04-19,1,2416,144960000,2
2021-04-20,1,2027,121620000,2
2021-04-21,1,1820,109200000,2
2021-04-22,1,1462,87720000,2
2021-04-23,1,2253,135180000,2
2021-04-24,1,2135,128100000,2
2021-04-25,1,1478,88680000,2
2021-04-26,1,1372,82320000,2
2021-04-27,1,1493,89580000,2
2021-04-28,1,1600,96000000,2
2021-04-29,1,1384,83040000,2
2021-04-30,1,1711,102660000,2
2021-05-01,1,2469,148140000,2
2021-05-02,1,1657,99420000,2
2021-05-03,1,1059,63540000,2
2021-05-04,1,1511,90660000,2
2021-05-05,1,2101,126060000,2
2021-05-06,1,1813,108780000,2
2021-05-07,1,1825,109500000,2
2021-05-08,1,1672,100320000,2
2021-05-09,1,1578,94680000,2
2021-05-10,1,2006,120360000,2
2021-05-11,1,2440,146400000,2
2021-05-12,1,1307,78420000,2
2021-05-13,1,1806,108360000,2
2021-05-14,1,1719,103140000,2
2021-05-15,1,2029,121740000,2
2021-05-16,1,2249,134940000,2
2021-05-17,1,2373,142380000,2
2021-05-18,1,1748,104880000,2
2021-05-19,1,1687,101220000,2
2021-05-20,1,1254,75240000,2
2021-05-21,1,1576,94560000,2
2021-05-22,1,1442,86520000,2
2021-05-23,1,1143,68580000,2
2021-05-24,1,1254,75240000,2
2021-05-25,1,1682,100920000,2
2021-05-26,1,1894,113640000,2
2021-05-27,1,1997,119820000,2
2021-05-28,1,2439,146340000,2
2021-05-29,1,1117,67020000,2
2021-05-30,1,1600,96000000,2
2021-05-31,1,1307,78420000,2
2021-06-01,1,1845,110700000,2
2021-06-02,1,1232,73920000,2
2021-06-03,1,1621,97260000,2
2021-06-04,1,2545,152700000,2
2021-06-05,1,1264,75840000,2
2021-06-06,1,1678,100680000,2
2021-06-07,1,2247,134820000,2
2021-06-08,1,2498,149880000,2
2021-06-09,1,1674,100440000,2
2021-06-10,1,2089,125340000,2
2021-06-11,1,2181,130860000,2
2021-06-12,1,1640,98400000,2
2021-06-13,1,2419,145140000,2
2021-06-14,1,2275,136500000,2
2021-06-15,1,1927,115620000,2
2021-06-16,1,1958,117480000,2
2021-06-17,1,1892,113520000,2
2021-06-18,1,2457,147420000,2
2021-06-19,1,2164,129840000,2
2021-06-20,1,1240,74400000,2
2021-06-21,1,1372,82320000,2
2021-06-22,1,1305,78300000,2
2021-06-23,1,1068,64080000,2
2021-06-24,1,1449,86940000,2
2021-06-25,1,1878,112680000,2
2021-06-26,1,1383,82980000,2
2021-06-27,1,1359,81540000,2
2021-06-28,1,1860,111600000,2
2021-06-29,1,1730,103800000,2
2021-06-30,1,1486,89160000,2
2021-07-01,1,1497,89820000,2
2021-07-02,1,1995,119700000,2
2021-07-03,1,2024,121440000,2
2021-07-04,1,1736,104160000,2
2021-07-05,1,1989,119340000,2
2021-07-06,1,1356,81360000,2
2021-07-07,1,1919,115140000,2
2021-07-08,1,2094,125640000,2
2021-07-09,1,2305,138300000,2
2021-07-10,1,1367,82020000,2
2021-07-11,1,2071,124260000,2
2021-07-12,1,1385,83100000,2
2021-07-13,1,1345,80700000,2
2021-07-14,1,1838,110280000,2
2021-07-15,1,1352,81120000,2
2021-07-16,1,1248,74880000,2
2021-07-17,1,2247,134820000,2
2021-07-18,1,1976,118560000,2
2021-07-19,1,2110,126600000,2
2021-07-20,1,1977,118620000,2
2021-07-21,1,2221,133260000,2
2021-07-22,1,2144,128640000,2
2021-07-23,1,1339,80340000,2
2021-07-24,1,2600,156000000,2
2021-07-25,1,1710,102600000,2
2021-07-26,1,2006,120360000,2
2021-07-27,1,2542,152520000,2
2021-07-28,1,1030,61800000,2
2021-07-29,1,2345,140700000,2
2021-07-30,1,1759,105540000,2
2021-07-31,1,2077,124620000,2
2021-08-01,1,1984,119040000,2
2021-08-02,1,2427,145620000,2
2021-08-03,1,2282,136920000,2
2021-08-04,1,1314,78840000,2
2021-08-05,1,2334,140040000,2
2021-08-06,1,1237,74220000,2
2021-08-07,1,2429,145740000,2
2021-08-08,1,2211,132660000,2
2021-08-09,1,1985,119100000,2
2021-08-10,1,1957,117420000,2
2021-08-11,1,2485,149100000,2
2021-08-12,1,1544,92640000,2
2021-08-13,1,1567,94020000,2
2021-08-14,1,2473,148380000,2
2021-08-15,1,2110,126600000,2
2021-08-16,1,1481,88860000,2
2021-08-17,1,1980,118800000,2
2021-08-18,1,1144,68640000,2
2021-08-19,1,2407,144420000,2
2021-08-20,1,1409,84540000,2
2021-08-21,1,2154,129240000,2
2021-08-22,1,2576,154560000,2
2021-08-23,1,1929,115740000,2
2021-08-24,1,2556,153360000,2
2021-08-25,1,1211,72660000,2
2021-08-26,1,1548,92880000,2
2021-08-27,1,1879,112740000,2
2021-08-28,1,1046,62760000,2
2021-08-29,1,1443,86580000,2
2021-08-30,1,1337,80220000,2
2021-08-31,1,2404,144240000,2
2021-09-01,1,2157,129420000,2
2021-09-02,1,1638,98280000,2
2021-09-03,1,2254,135240000,2
2021-09-04,1,1445,86700000,2
2021-09-05,1,2340,140400000,2
2021-09-06,1,1427,85620000,2
2021-09-07,1,1584,95040000,2
2021-09-08,1,2370,142200000,2
2021-09-09,1,1996,119760000,2
2021-09-10,1,2544,152640000,2
2021-09-11,1,1086,65160000,2
2021-09-12,1,1416,84960000,2
2021-09-13,1,1918,115080000,2
2021-09-14,1,2515,150900000,2
2021-09-15,1,1972,118320000,2
2021-09-16,1,1695,101700000,2
2021-09-17,1,1599,95940000,2
2021-09-18,1,1626,97560000,2
2021-09-19,1,2405,144300000,2
2021-09-20,1,2192,131520000,2
2021-09-21,1,2054,123240000,2
2021-09-22,1,1740,104400000,2
2021-09-23,1,1241,74460000,2
2021-09-24,1,1206,72360000,2
2021-09-25,1,1169,70140000,2
2021-09-26,1,1756,105360000,2
2021-09-27,1,2109,126540000,2
2021-09-28,1,1073,64380000,2
2021-09-29,1,2190,131400000,2
2021-09-30,1,1150,69000000,2
2021-10-01,1,2327,139620000,2
2021-10-02,1,1711,102660000,2
2021-10-03,1,1345,80700000,2
2021-10-04,1,2137,128220000,2
2021-10-05,1,2451,147060000,2
2021-10-06,1,2047,122820000,2
2021-10-07,1,1378,82680000,2
2021-10-08,1,2135,128100000,2
2021-10-09,1,1921,115260000,2
2021-10-10,1,1157,69420000,2
2021-10-11,1,1601,96060000,2
2021-10-12,1,1040,62400000,2
2021-10-13,1,2463,147780000,2
2021-10-14,1,2587,155220000,2
2021-10-15,1,2360,141600000,2
2021-10-16,1,1847,110820000,2
2021-10-17,1,1116,66960000,2
2021-10-18,1,2186,131160000,2
2021-10-19,1,2575,154500000,2
2021-10-20,1,2457,147420000,2
2021-10-21,1,1407,84420000,2
2021-10-22,1,1926,115560000,2
2021-10-23,1,1962,117720000,2
2021-10-24,1,1881,112860000,2
2021-10-25,1,1116,66960000,2
2021-10-26,1,1143,68580000,2
2021-10-27,1,2028,121680000,2
2021-10-28,1,1832,109920000,2
2021-10-29,1,1850,111000000,2
2021-10-30,1,2068,124080000,2
2021-10-31,1,2561,153660000,2
2021-11-01,1,1352,81120000,2
2021-11-02,1,1226,73560000,2
2021-11-03,1,1998,119880000,2
2021-11-04,1,1763,105780000,2
2021-11-05,1,1637,98220000,2
2021-11-06,1,2574,154440000,2
2021-11-07,1,1976,118560000,2
2021-11-08,1,1266,75960000,2
2021-11-09,1,1347,80820000,2
2021-11-10,1,2331,139860000,2
2021-11-11,1,1425,85500000,2
2021-11-12,1,1581,94860000,2
2021-11-13,1,2331,139860000,2
2021-11-14,1,2322,139320000,2
2021-11-15,1,1817,109020000,2
2021-11-16,1,1982,118920000,2
2021-11-17,1,1689,101340000,2
2021-11-18,1,1870,112200000,2
2021-11-19,1,2118,127080000,2
2021-11-20,1,1597,95820000,2
2021-11-21,1,1071,64260000,2
2021-11-22,1,2203,132180000,2
2021-11-23,1,2499,149940000,2
2021-11-24,1,1413,84780000,2
2021-11-25,1,1782,106920000,2
2021-11-26,1,1906,114360000,2
2021-11-27,1,1361,81660000,2
2021-11-28,1,1026,61560000,2
2021-11-29,1,2134,128040000,2
2021-11-30,1,1331,79860000,2
2021-12-01,1,2158,129480000,2
2021-12-02,1,1347,80820000,2
2021-12-03,1,1690,101400000,2
2021-12-04,1,1105,66300000,2
2021-12-05,1,1562,93720000,2
2021-12-06,1,1134,68040000,2
2021-12-07,1,1783,106980000,2
2021-12-08,1,1537,92220000,2
2021-12-09,1,1279,76740000,2
2021-12-10,1,2299,137940000,2
2021-12-11,1,1600,96000000,2
2021-12-12,1,1023,61380000,2
2021-12-13,1,1755,105300000,2
2021-12-14,1,1261,75660000,2
2021-12-15,1,1974,118440000,2
2021-12-16,1,2142,128520000,2
2021-12-17,1,1263,75780000,2
2021-12-18,1,1247,74820000,2
2021-12-19,1,1436,86160000,2
2021-12-20,1,1512,90720000,2
2021-12-21,1,1554,93240000,2
2021-12-22,1,1233,73980000,2
2021-12-23,1,2013,120780000,2
2021-12-24,1,1392,83520000,2
2021-12-25,1,2528,151680000,2
2021-12-26,1,2147,128820000,2
2021-12-27,1,1172,70320000,2
2021-12-28,1,2053,123180000,2
2021-12-29,1,1422,85320000,2
2021-12-30,1,1462,87720000,2
2021-12-31,1,2563,153780000,2
2020-01-01,2,1371,34275000,2
2020-01-02,2,1682,42050000,2
2020-01-03,2,1393,34825000,2
2020-01-04,2,1938,48450000,2
2020-01-05,2,1859,46475000,2
2020-01-06,2,1549,38725000,2
2020-01-07,2,1409,35225000,2
2020-01-08,2,1201,30025000,2
2020-01-09,2,1125,28125000,2
2020-01-10,2,1883,47075000,2
2020-01-11,2,1841,46025000,2
2020-01-12,2,1957,48925000,2
2020-01-13,2,1393,34825000,2
2020-01-14,2,1328,33200000,2
2020-01-15,2,1118,27950000,2
2020-01-16,2,1722,43050000,2
2020-01-17,2,1219,30475000,2
2020-01-18,2,1692,42300000,2
2020-01-19,2,1532,38300000,2
2020-01-20,2,1939,48475000,2
2020-01-21,2,1393,34825000,2
2020-01-22,2,1822,45550000,2
2020-01-23,2,1457,36425000,2
2020-01-24,2,1016,25400000,2
2020-01-25,2,1821,45525000,2
2020-01-26,2,1993,49825000,2
2020-01-27,2,1426,35650000,2
2020-01-28,2,1175,29375000,2
2020-01-29,2,1615,40375000,2
2020-01-30,2,1143,28575000,2
2020-01-31,2,1640,41000000,2
2020-02-01,2,1783,44575000,2
2020-02-02,2,1712,42800000,2
2020-02-03,2,1918,47950000,2
2020-02-04,2,1239,30975000,2
2020-02-05,2,1790,44750000,2
2020-02-06,2,1372,34300000,2
2020-02-07,2,1719,42975000,2
2020-02-08,2,1945,48625000,2
2020-02-09,2,1886,47150000,2
2020-02-10,2,1631,40775000,2
2020-02-11,2,1373,34325000,2
2020-02-12,2,1355,33875000,2
2020-02-13,2,1659,41475000,2
2020-02-14,2,1497,37425000,2
2020-02-15,2,1805,45125000,2
2020-02-16,2,1234,30850000,2
2020-02-17,2,2078,51950000,2
2020-02-18,2,1646,41150000,2
2020-02-19,2,1597,39925000,2
2020-02-20,2,2040,51000000,2
2020-02-21,2,1912,47800000,2
2020-02-22,2,1564,39100000,2
2020-02-23,2,1891,47275000,2
2020-02-24,2,1357,33925000,2
2020-02-25,2,1902,47550000,2
2020-02-26,2,1226,30650000,2
2020-02-27,2,1235,30875000,2
2020-02-28,2,1591,39775000,2
2020-02-29,2,1398,34950000,2
2020-03-01,2,1874,46850000,2
2020-03-02,2,1506,37650000,2
2020-03-03,2,1521,38025000,2
2020-03-04,2,2097,52425000,2
2020-03-05,2,1941,48525000,2
2020-03-06,2,1373,34325000,2
2020-03-07,2,1478,36950000,2
2020-03-08,2,1711,42775000,2
2020-03-09,2,1445,36125000,2
2020-03-10,2,1731,43275000,2
2020-03-11,2,1756,43900000,2
2020-03-12,2,1838,45950000,2
2020-03-13,2,1664,41600000,2
2020-03-14,2,1447,36175000,2
2020-03-15,2,2024,50600000,2
2020-03-16,2,2151,53775000,2
2020-03-17,2,2088,52200000,2
2020-03-18,2,1767,44175000,2
2020-03-19,2,1322,33050000,2
2020-03-20,2,1821,45525000,2
2020-03-21,2,2173,54325000,2
2020-03-22,2,1608,40200000,2
2020-03-23,2,1711,42775000,2
2020-03-24,2,1329,33225000,2
2020-03-25,2,1750,43750000,2
2020-03-26,2,1905,47625000,2
2020-03-27,2,1416,35400000,2
2020-03-28,2,2005,50125000,2
2020-03-29,2,1534,38350000,2
2020-03-30,2,1762,44050000,2
2020-03-31,2,2178,54450000,2
2020-04-01,2,1608,40200000,2
2020-04-02,2,1774,44350000,2
2020-04-03,2,2286,57150000,2
2020-04-04,2,1734,43350000,2
2020-04-05,2,1936,48400000,2
2020-04-06,2,1407,35175000,2
2020-04-07,2,2101,52525000,2
2020-04-08,2,2258,56450000,2
2020-04-09,2,2128,53200000,2
2020-04-10,2,1476,36900000,2
2020-04-11,2,1430,35750000,2
2020-04-12,2,2201,55025000,2
2020-04-13,2,1820,45500000,2
2020-04-14,2,1893,47325000,2
2020-04-15,2,2016,50400000,2
2020-04-16,2,1492,37300000,2
2020-04-17,2,1490,37250000,2
2020-04-18,2,1519,37975000,2
2020-04-19,2,1493,37325000,2
2020-04-20,2,1667,41675000,2
2020-04-21,2,1917,47925000,2
2020-04-22,2,1922,48050000,2
2020-04-23,2,1753,43825000,2
2020-04-24,2,1426,35650000,2
2020-04-25,2,1589,39725000,2
2020-04-26,2,1761,44025000,2
2020-04-27,2,2262,56550000,2
2020-04-28,2,1821,45525000,2
2020-04-29,2,1664,41600000,2
2020-04-30,2,1771,44275000,2
2020-05-01,2,1646,41150000,2
2020-05-02,2,2351,58775000,2
2020-05-03,2,1515,37875000,2
2020-05-04,2,1993,49825000,2
2020-05-05,2,2098,52450000,2
2020-05-06,2,2280,57000000,2
2020-05-07,2,1969,49225000,2
2020-05-08,2,1826,45650000,2
2020-05-09,2,2150,53750000,2
2020-05-10,2,1566,39150000,2
2020-05-11,2,2072,51800000,2
2020-05-12,2,2388,59700000,2
2020-05-13,2,1704,42600000,2
2020-05-14,2,1747,43675000,2
2020-05-15,2,1614,40350000,2
2020-05-16,2,1741,43525000,2
2020-05-17,2,1840,46000000,2
2020-05-18,2,2170,54250000,2
2020-05-19,2,2167,54175000,2
2020-05-20,2,1741,43525000,2
2020-05-21,2,2369,59225000,2
2020-05-22,2,1568,39200000,2
2020-05-23,2,1570,39250000,2
2020-05-24,2,1770,44250000,2
2020-05-25,2,2386,59650000,2
2020-05-26,2,1899,47475000,2
2020-05-27,2,1892,47300000,2
2020-05-28,2,1670,41750000,2
2020-05-29,2,2293,57325000,2
2020-05-30,2,1897,47425000,2
2020-05-31,2,1510,37750000,2
2020-06-01,2,2066,51650000,2
2020-06-02,2,1664,41600000,2
2020-06-03,2,1881,47025000,2
2020-06-04,2,2090,52250000,2
2020-06-05,2,1784,44600000,2
2020-06-06,2,2033,50825000,2
2020-06-07,2,1672,41800000,2
2020-06-08,2,1868,46700000,2
2020-06-09,2,2364,59100000,2
2020-06-10,2,2316,57900000,2
2020-06-11,2,2371,59275000,2
2020-06-12,2,2064,51600000,2
2020-06-13,2,2476,61900000,2
2020-06-14,2,2301,57525000,2
2020-06-15,2,1966,49150000,2
2020-06-16,2,2395,59875000,2
2020-06-17,2,2002,50050000,2
2020-06-18,2,2036,50900000,2
2020-06-19,2,2371,59275000,2
2020-06-20,2,1894,47350000,2
2020-06-21,2,1668,41700000,2
2020-06-22,2,2002,50050000,2
2020-06-23,2,1843,46075000,2
2020-06-24,2,1982,49550000,2
2020-06-25,2,2159,53975000,2
2020-06-26,2,2457,61425000,2
2020-06-27,2,2280,57000000,2
2020-06-28,2,1659,41475000,2
2020-06-29,2,1827,45675000,2
2020-06-30,2,1911,47775000,2
2020-07-01,2,2402,60050000,2
2020-07-02,2,2366,59150000,2
2020-07-03,2,2585,64625000,2
2020-07-04,2,2591,64775000,2
2020-07-05,2,1834,45850000,2
2020-07-06,2,1973,49325000,2
2020-07-07,2,2372,59300000,2
2020-07-08,2,2209,55225000,2
2020-07-09,2,2204,55100000,2
2020-07-10,2,1785,44625000,2
2020-07-11,2,1942,48550000,2
2020-07-12,2,2229,55725000,2
2020-07-13,2,1930,48250000,2
2020-07-14,2,1824,45600000,2
2020-07-15,2,2200,55000000,2
2020-07-16,2,2324,58100000,2
2020-07-17,2,1943,48575000,2
2020-07-18,2,1796,44900000,2
2020-07-19,2,2078,51950000,2
2020-07-20,2,2231,55775000,2
2020-07-21,2,2017,50425000,2
2020-07-22,2,2334,58350000,2
2020-07-23,2,2125,53125000,2
2020-07-24,2,2566,64150000,2
2020-07-25,2,2150,53750000,2
2020-07-26,2,2411,60275000,2
2020-07-27,2,1924,48100000,2
2020-07-28,2,2263,56575000,2
2020-07-29,2,2068,51700000,2
2020-07-30,2,2442,61050000,2
2020-07-31,2,1716,42900000,2
2020-08-01,2,1897,47425000,2
2020-08-02,2,2416,60400000,2
2020-08-03,2,2162,54050000,2
2020-08-04,2,2411,60275000,2
2020-08-05,2,1877,46925000,2
2020-08-06,2,1990,49750000,2
2020-08-07,2,1918,47950000,2
2020-08-08,2,2403,60075000,2
2020-08-09,2,1873,46825000,2
2020-08-10,2,2457,61425000,2
2020-08-11,2,2591,64775000,2
2020-08-12,2,2484,62100000,2
2020-08-13,2,2369,59225000,2
2020-08-14,2,2003,50075000,2
2020-08-15,2,2213,55325000,2
2020-08-16,2,1937,48425000,2
2020-08-17,2,2414,60350000,2
2020-08-18,2,2247,56175000,2
2020-08-19,2,1941,48525000,2
2020-08-20,2,2133,53325000,2
2020-08-21,2,2087,52175000,2
2020-08-22,2,2571,64275000,2
2020-08-23,2,1897,47425000,2
2020-08-24,2,2675,66875000,2
2020-08-25,2,1870,46750000,2
2020-08-26,2,2491,62275000,2
2020-08-27,2,2182,54550000,2
2020-08-28,2,2060,51500000,2
2020-08-29,2,2657,66425000,2
2020-08-30,2,2562,64050000,2
2020-08-31,2,1935,48375000,2
2020-09-01,2,1803,45075000,2
2020-09-02,2,2657,66425000,2
2020-09-03,2,2324,58100000,2
2020-09-04,2,2322,58050000,2
2020-09-05,2,2314,57850000,2
2020-09-06,2,2253,56325000,2
2020-09-07,2,2544,63600000,2
2020-09-08,2,1963,49075000,2
2020-09-09,2,1991,49775000,2
2020-09-10,2,2006,50150000,2
2020-09-11,2,1857,46425000,2
2020-09-12,2,2199,54975000,2
2020-09-13,2,2191,54775000,2
2020-09-14,2,2442,61050000,2
2020-09-15,2,2039,50975000,2
2020-09-16,2,1960,49000000,2
2020-09-17,2,2532,63300000,2
2020-09-18,2,2360,59000000,2
2020-09-19,2,1909,47725000,2
2020-09-20,2,2241,56025000,2
2020-09-21,2,1877,46925000,2
2020-09-22,2,1975,49375000,2
2020-09-23,2,2096,52400000,2
2020-09-24,2,2138,53450000,2
2020-09-25,2,2189,54725000,2
2020-09-26,2,2206,55150000,2
2020-09-27,2,2383,59575000,2
2020-09-28,2,1944,48600000,2
2020-09-29,2,1965,49125000,2
2020-09-30,2,2390,59750000,2
2020-10-01,2,2152,53800000,2
2020-10-02,2,2090,52250000,2
2020-10-03,2,1899,47475000,2
2020-10-04,2,2234,55850000,2
2020-10-05,2,1893,47325000,2
2020-10-06,2,1810,45250000,2
2020-10-07,2,2588,64700000,2
2020-10-08,2,1876,46900000,2
2020-10-09,2,1997,49925000,2
2020-10-10,2,2269,56725000,2
2020-10-11,2,1957,48925000,2
2020-10-12,2,2462,61550000,2
2020-10-13,2,2350,58750000,2
2020-10-14,2,2036,50900000,2
2020-10-15,2,2348,58700000,2
2020-10-16,2,1802,45050000,2
2020-10-17,2,1863,46575000,2
2020-10-18,2,2089,52225000,2
2020-10-19,2,2105,52625000,2
2020-10-20,2,2254,56350000,2
2020-10-21,2,2637,65925000,2
2020-10-22,2,2261,56525000,2
2020-10-23,2,1929,48225000,2
2020-10-24,2,1892,47300000,2
2020-10-25,2,1988,49700000,2
2020-10-26,2,2671,66775000,2
2020-10-27,2,2307,57675000,2
2020-10-28,2,1836,45900000,2
2020-10-29,2,2658,66450000,2
2020-10-30,2,2392,59800000,2
2020-10-31,2,2225,55625000,2
2020-11-01,2,2629,65725000,2
2020-11-02,2,2340,58500000,2
2020-11-03,2,2667,66675000,2
2020-11-04,2,2262,56550000,2
2020-11-05,2,2379,59475000,2
2020-11-06,2,2345,58625000,2
2020-11-07,2,2078,51950000,2
2020-11-08,2,2321,58025000,2
2020-11-09,2,2102,52550000,2
2020-11-10,2,2508,62700000,2
2020-11-11,2,1954,48850000,2
2020-11-12,2,2402,60050000,2
2020-11-13,2,1905,47625000,2
2020-11-14,2,2032,50800000,2
2020-11-15,2,2011,50275000,2
2020-11-16,2,2012,50300000,2
2020-11-17,2,1829,45725000,2
2020-11-18,2,1972,49300000,2
2020-11-19,2,2067,51675000,2
2020-11-20,2,2171,54275000,2
2020-11-21,2,2539,63475000,2
2020-11-22,2,1841,46025000,2
2020-11-23,2,2351,58775000,2
2020-11-24,2,2041,51025000,2
2020-11-25,2,2038,50950000,2
2020-11-26,2,2131,53275000,2
2020-11-27,2,2403,60075000,2
2020-11-28,2,2388,59700000,2
2020-11-29,2,2504,62600000,2
2020-11-30,2,2460,61500000,2
2020-12-01,2,1918,47950000,2
2020-12-02,2,2691,67275000,2
2020-12-03,2,2251,56275000,2
2020-12-04,2,2634,65850000,2
2020-12-05,2,2236,55900000,2
2020-12-06,2,2529,63225000,2
2020-12-07,2,2343,58575000,2
2020-12-08,2,2669,66725000,2
2020-12-09,2,2011,50275000,2
2020-12-10,2,2478,61950000,2
2020-12-11,2,2545,63625000,2
2020-12-12,2,1953,48825000,2
2020-12-13,2,2628,65700000,2
2020-12-14,2,1990,49750000,2
2020-12-15,2,1912,47800000,2
2020-12-16,2,1878,46950000,2
2020-12-17,2,1807,45175000,2
2020-12-18,2,2505,62625000,2
2020-12-19,2,1961,49025000,2
2020-12-20,2,2405,60125000,2
2020-12-21,2,2493,62325000,2
2020-12-22,2,2017,50425000,2
2020-12-23,2,1866,46650000,2
2020-12-24,2,2578,64450000,2
2020-12-25,2,2298,57450000,2
2020-12-26,2,2491,62275000,2
2020-12-27,2,2498,62450000,2
2020-12-28,2,2075,51875000,2
2020-12-29,2,2278,56950000,2
2020-12-30,2,2507,62675000,2
2020-12-31,2,1950,48750000,2
2021-01-01,2,2218,55450000,2
2021-01-02,2,1790,44750000,2
2021-01-03,2,2556,63900000,2
2021-01-04,2,2227,55675000,2
2021-01-05,2,1895,47375000,2
2021-01-06,2,2518,62950000,2
2021-01-07,2,1907,47675000,2
2021-01-08,2,1912,47800000,2
2021-01-09,2,2340,58500000,2
2021-01-10,2,2021,50525000,2
2021-01-11,2,2250,56250000,2
2021-01-12,2,2558,63950000,2
2021-01-13,2,1819,45475000,2
2021-01-14,2,1759,43975000,2
2021-01-15,2,2569,64225000,2
2021-01-16,2,2283,57075000,2
2021-01-17,2,2550,63750000,2
2021-01-18,2,2186,54650000,2
2021-01-19,2,2380,59500000,2
2021-01-20,2,2475,61875000,2
2021-01-21,2,1979,49475000,2
2021-01-22,2,2552,63800000,2
2021-01-23,2,2187,54675000,2
2021-01-24,2,2506,62650000,2
2021-01-25,2,2279,56975000,2
2021-01-26,2,2307,57675000,2
2021-01-27,2,2446,61150000,2
2021-01-28,2,2266,56650000,2
2021-01-29,2,2338,58450000,2
2021-01-30,2,2044,51100000,2
2021-01-31,2,1865,46625000,2
2021-02-01,2,2092,52300000,2
2021-02-02,2,2390,59750000,2
2021-02-03,2,1909,47725000,2
2021-02-04,2,1828,45700000,2
2021-02-05,2,1960,49000000,2
2021-02-06,2,2236,55900000,2
2021-02-07,2,2181,54525000,2
2021-02-08,2,1710,42750000,2
2021-02-09,2,2510,62750000,2
2021-02-10,2,1856,46400000,2
2021-02-11,2,2016,50400000,2
2021-02-12,2,1755,43875000,2
2021-02-13,2,2341,58525000,2
2021-02-14,2,1721,43025000,2
2021-02-15,2,2081,52025000,2
2021-02-16,2,1706,42650000,2
2021-02-17,2,2302,57550000,2
2021-02-18,2,2536,63400000,2
2021-02-19,2,2087,52175000,2
2021-02-20,2,2491,62275000,2
2021-02-21,2,2546,63650000,2
2021-02-22,2,2408,60200000,2
2021-02-23,2,2362,59050000,2
2021-02-24,2,2227,55675000,2
2021-02-25,2,1877,46925000,2
2021-02-26,2,2499,62475000,2
2021-02-27,2,2324,58100000,2
2021-02-28,2,2162,54050000,2
2021-03-01,2,2272,56800000,2
2021-03-02,2,2393,59825000,2
2021-03-03,2,1786,44650000,2
2021-03-04,2,2148,53700000,2
2021-03-05,2,2260,56500000,2
2021-03-06,2,1808,45200000,2
2021-03-07,2,2179,54475000,2
2021-03-08,2,2029,50725000,2
2021-03-09,2,2413,60325000,2
2021-03-10,2,2513,62825000,2
2021-03-11,2,1938,48450000,2
2021-03-12,2,1744,43600000,2
2021-03-13,2,2075,51875000,2
2021-03-14,2,2587,64675000,2
2021-03-15,2,2363,59075000,2
2021-03-16,2,2564,64100000,2
2021-03-17,2,1780,44500000,2
2021-03-18,2,1793,44825000,2
2021-03-19,2,2574,64350000,2
2021-03-20,2,2499,62475000,2
2021-03-21,2,1808,45200000,2
2021-03-22,2,2485,62125000,2
2021-03-23,2,2530,63250000,2
2021-03-24,2,1919,47975000,2
2021-03-25,2,2200,55000000,2
2021-03-26,2,2525,63125000,2
2021-03-27,2,2001,50025000,2
2021-03-28,2,2444,61100000,2
2021-03-29,2,2054,51350000,2
2021-03-30,2,2560,64000000,2
2021-03-31,2,2372,59300000,2
2021-04-01,2,2272,56800000,2
2021-04-02,2,2065,51625000,2
2021-04-03,2,2377,59425000,2
2021-04-04,2,1779,44475000,2
2021-04-05,2,2124,53100000,2
2021-04-06,2,2546,63650000,2
2021-04-07,2,2130,53250000,2
2021-04-08,2,2372,59300000,2
2021-04-09,2,1884,47100000,2
2021-04-10,2,1910,47750000,2
2021-04-11,2,2528,63200000,2
2021-04-12,2,1744,43600000,2
2021-04-13,2,2244,56100000,2
2021-04-14,2,1747,43675000,2
2021-04-15,2,2044,51100000,2
2021-04-16,2,2495,62375000,2
2021-04-17,2,2230,55750000,2
2021-04-18,2,2528,63200000,2
2021-04-19,2,2482,62050000,2
2021-04-20,2,2205,55125000,2
2021-04-21,2,2234,55850000,2
2021-04-22,2,2426,60650000,2
2021-04-23,2,1995,49875000,2
2021-04-24,2,1796,44900000,2
2021-04-25,2,2157,53925000,2
2021-04-26,2,2532,63300000,2
2021-04-27,2,1981,49525000,2
2021-04-28,2,2461,61525000,2
2021-04-29,2,1967,49175000,2
2021-04-30,2,1849,46225000,2
2021-05-01,2,2069,51725000,2
2021-05-02,2,2200,55000000,2
2021-05-03,2,2594,64850000,2
2021-05-04,2,2454,61350000,2
2021-05-05,2,1856,46400000,2
2021-05-06,2,2137,53425000,2
2021-05-07,2,1887,47175000,2
2021-05-08,2,2172,54300000,2
2021-05-09,2,1806,45150000,2
2021-05-10,2,1866,46650000,2
2021-05-11,2,2331,58275000,2
2021-05-12,2,2022,50550000,2
2021-05-13,2,2159,53975000,2
2021-05-14,2,2139,53475000,2
2021-05-15,2,2449,61225000,2
2021-05-16,2,2113,52825000,2
2021-05-17,2,2006,50150000,2
2021-05-18,2,2546,63650000,2
2021-05-19,2,2516,62900000,2
2021-05-20,2,1762,44050000,2
2021-05-21,2,2471,61775000,2
2021-05-22,2,2277,56925000,2
2021-05-23,2,2171,54275000,2
2021-05-24,2,2330,58250000,2
2021-05-25,2,2119,52975000,2
2021-05-26,2,2406,60150000,2
2021-05-27,2,1750,43750000,2
2021-05-28,2,2307,57675000,2
2021-05-29,2,2299,57475000,2
2021-05-30,2,1802,45050000,2
2021-05-31,2,1951,48775000,2
2021-06-01,2,2235,55875000,2
2021-06-02,2,2493,62325000,2
2021-06-03,2,1858,46450000,2
2021-06-04,2,2595,64875000,2
2021-06-05,2,2217,55425000,2
2021-06-06,2,2374,59350000,2
2021-06-07,2,2157,53925000,2
2021-06-08,2,1906,47650000,2
2021-06-09,2,2235,55875000,2
2021-06-10,2,2074,51850000,2
2021-06-11,2,2433,60825000,2
2021-06-12,2,1884,47100000,2
2021-06-13,2,2547,63675000,2
2021-06-14,2,2530,63250000,2
2021-06-15,2,2446,61150000,2
2021-06-16,2,2421,60525000,2
2021-06-17,2,2158,53950000,2
2021-06-18,2,2184,54600000,2
2021-06-19,2,2373,59325000,2
2021-06-20,2,2341,58525000,2
2021-06-21,2,2308,57700000,2
2021-06-22,2,1940,48500000,2
2021-06-23,2,1759,43975000,2
2021-06-24,2,2427,60675000,2
2021-06-25,2,2222,55550000,2
2021-06-26,2,2009,50225000,2
2021-06-27,2,1860,46500000,2
2021-06-28,2,2133,53325000,2
2021-06-29,2,2510,62750000,2
2021-06-30,2,2308,57700000,2
2021-07-01,2,2018,50450000,2
2021-07-02,2,2549,63725000,2
2021-07-03,2,2254,56350000,2
2021-07-04,2,2286,57150000,2
2021-07-05,2,2174,54350000,2
2021-07-06,2,2096,52400000,2
2021-07-07,2,2484,62100000,2
2021-07-08,2,2266,56650000,2
2021-07-09,2,2521,63025000,2
2021-07-10,2,2079,51975000,2
2021-07-11,2,2347,58675000,2
2021-07-12,2,2371,59275000,2
2021-07-13,2,2249,56225000,2
2021-07-14,2,2133,53325000,2
2021-07-15,2,2120,53000000,2
2021-07-16,2,2022,50550000,2
2021-07-17,2,1902,47550000,2
2021-07-18,2,2377,59425000,2
2021-07-19,2,2039,50975000,2
2021-07-20,2,2216,55400000,2
2021-07-21,2,1701,42525000,2
2021-07-22,2,1765,44125000,2
2021-07-23,2,2272,56800000,2
2021-07-24,2,2450,61250000,2
2021-07-25,2,1850,46250000,2
2021-07-26,2,2500,62500000,2
2021-07-27,2,2544,63600000,2
2021-07-28,2,2094,52350000,2
2021-07-29,2,2525,63125000,2
2021-07-30,2,1982,49550000,2
2021-07-31,2,2112,52800000,2
2021-08-01,2,1920,48000000,2
2021-08-02,2,1731,43275000,2
2021-08-03,2,1907,47675000,2
2021-08-04,2,2354,58850000,2
2021-08-05,2,2149,53725000,2
2021-08-06,2,1862,46550000,2
2021-08-07,2,2218,55450000,2
2021-08-08,2,2334,58350000,2
2021-08-09,2,2519,62975000,2
2021-08-10,2,2317,57925000,2
2021-08-11,2,1913,47825000,2
2021-08-12,2,2006,50150000,2
2021-08-13,2,2269,56725000,2
2021-08-14,2,1841,46025000,2
2021-08-15,2,1764,44100000,2
2021-08-16,2,1750,43750000,2
2021-08-17,2,2398,59950000,2
2021-08-18,2,1916,47900000,2
2021-08-19,2,2253,56325000,2
2021-08-20,2,2486,62150000,2
2021-08-21,2,2087,52175000,2
2021-08-22,2,2297,57425000,2
2021-08-23,2,2587,64675000,2
2021-08-24,2,2014,50350000,2
2021-08-25,2,2551,63775000,2
2021-08-26,2,1763,44075000,2
2021-08-27,2,2007,50175000,2
2021-08-28,2,1799,44975000,2
2021-08-29,2,2079,51975000,2
2021-08-30,2,1924,48100000,2
2021-08-31,2,1702,42550000,2
2021-09-01,2,2170,54250000,2
2021-09-02,2,2513,62825000,2
2021-09-03,2,1705,42625000,2
2021-09-04,2,2597,64925000,2
2021-09-05,2,2553,63825000,2
2021-09-06,2,2412,60300000,2
2021-09-07,2,2059,51475000,2
2021-09-08,2,2042,51050000,2
2021-09-09,2,1826,45650000,2
2021-09-10,2,2033,50825000,2
2021-09-11,2,2588,64700000,2
2021-09-12,2,1830,45750000,2
2021-09-13,2,2191,54775000,2
2021-09-14,2,1837,45925000,2
2021-09-15,2,2144,53600000,2
2021-09-16,2,2504,62600000,2
2021-09-17,2,2275,56875000,2
2021-09-18,2,2557,63925000,2
2021-09-19,2,2246,56150000,2
2021-09-20,2,2390,59750000,2
2021-09-21,2,1724,43100000,2
2021-09-22,2,1871,46775000,2
2021-09-23,2,2253,56325000,2
2021-09-24,2,1968,49200000,2
2021-09-25,2,2331,58275000,2
2021-09-26,2,1718,42950000,2
2021-09-27,2,1940,48500000,2
2021-09-28,2,2560,64000000,2
2021-09-29,2,2319,57975000,2
2021-09-30,2,1875,46875000,2
2021-10-01,2,2175,54375000,2
2021-10-02,2,1835,45875000,2
2021-10-03,2,2051,51275000,2
2021-10-04,2,2150,53750000,2
2021-10-05,2,2491,62275000,2
2021-10-06,2,2055,51375000,2
2021-10-07,2,1721,43025000,2
2021-10-08,2,2438,60950000,2
2021-10-09,2,2076,51900000,2
2021-10-10,2,1802,45050000,2
2021-10-11,2,2551,63775000,2
2021-10-12,2,2124,53100000,2
2021-10-13,2,2003,50075000,2
2021-10-14,2,1999,49975000,2
2021-10-15,2,1776,44400000,2
2021-10-16,2,2238,55950000,2
2021-10-17,2,1891,47275000,2
2021-10-18,2,1790,44750000,2
2021-10-19,2,2047,51175000,2
2021-10-20,2,2411,60275000,2
2021-10-21,2,1899,47475000,2
2021-10-22,2,1741,43525000,2
2021-10-23,2,2530,63250000,2
2021-10-24,2,1705,42625000,2
2021-10-25,2,2221,55525000,2
2021-10-26,2,2491,62275000,2
2021-10-27,2,1976,49400000,2
2021-10-28,2,1816,45400000,2
2021-10-29,2,2080,52000000,2
2021-10-30,2,1745,43625000,2
2021-10-31,2,1834,45850000,2
2021-11-01,2,1842,46050000,2
2021-11-02,2,2535,63375000,2
2021-11-03,2,2592,64800000,2
2021-11-04,2,2171,54275000,2
2021-11-05,2,1822,45550000,2
2021-11-06,2,2288,57200000,2
2021-11-07,2,2165,54125000,2
2021-11-08,2,2504,62600000,2
2021-11-09,2,2059,51475000,2
2021-11-10,2,2588,64700000,2
2021-11-11,2,1798,44950000,2
2021-11-12,2,2109,52725000,2
2021-11-13,2,2247,56175000,2
2021-11-14,2,1760,44000000,2
2021-11-15,2,2285,57125000,2
2021-11-16,2,2278,56950000,2
2021-11-17,2,2028,50700000,2
2021-11-18,2,2430,60750000,2
2021-11-19,2,1872,46800000,2
2021-11-20,2,2045,51125000,2
2021-11-21,2,2493,62325000,2
2021-11-22,2,2070,51750000,2
2021-11-23,2,1716,42900000,2
2021-11-24,2,2394,59850000,2
2021-11-25,2,1979,49475000,2
2021-11-26,2,1949,48725000,2
2021-11-27,2,1732,43300000,2
2021-11-28,2,2600,65000000,2
2021-11-29,2,2475,61875000,2
2021-11-30,2,2106,52650000,2
2021-12-01,2,1755,43875000,2
2021-12-02,2,2387,59675000,2
2021-12-03,2,2372,59300000,2
2021-12-04,2,2073,51825000,2
2021-12-05,2,1808,45200000,2
2021-12-06,2,2477,61925000,2
2021-12-07,2,2011,50275000,2
2021-12-08,2,2246,56150000,2
2021-12-09,2,1950,48750000,2
2021-12-10,2,2047,51175000,2
2021-12-11,2,2328,58200000,2
2021-12-12,2,1833,45825000,2
2021-12-13,2,2434,60850000,2
2021-12-14,2,2315,57875000,2
2021-12-15,2,2237,55925000,2
2021-12-16,2,1705,42625000,2
2021-12-17,2,2437,60925000,2
2021-12-18,2,2021,50525000,2
2021-12-19,2,1805,45125000,2
2021-12-20,2,1957,48925000,2
2021-12-21,2,2023,50575000,2
2021-12-22,2,2202,55050000,2
2021-12-23,2,1983,49575000,2
2021-12-24,2,2087,52175000,2
2021-12-25,2,2136,53400000,2
2021-12-26,2,1934,48350000,2
2021-12-27,2,1956,48900000,2
2021-12-28,2,2453,61325000,2
2021-12-29,2,1867,46675000,2
2021-12-30,2,2210,55250000,2
2021-12-31,2,2106,52650000,2
2020-01-01,3,2296,45920000,2
2020-01-02,3,2429,48580000,2
2020-01-03,3,2204,44080000,2
2020-01-04,3,1015,20300000,2
2020-01-05,3,1839,36780000,2
2020-01-06,3,1390,27800000,2
2020-01-07,3,1677,33540000,2
2020-01-08,3,1913,38260000,2
2020-01-09,3,1383,27660000,2
2020-01-10,3,2146,42920000,2
2020-01-11,3,2088,41760000,2
2020-01-12,3,1974,39480000,2
2020-01-13,3,1309,26180000,2
2020-01-14,3,2487,49740000,2
2020-01-15,3,2380,47600000,2
2020-01-16,3,1293,25860000,2
2020-01-17,3,1605,32100000,2
2020-01-18,3,1309,26180000,2
2020-01-19,3,1257,25140000,2
2020-01-20,3,1671,33420000,2
2020-01-21,3,2430,48600000,2
2020-01-22,3,1561,31220000,2
2020-01-23,3,1588,31760000,2
2020-01-24,3,1502,30040000,2
2020-01-25,3,2013,40260000,2
2020-01-26,3,1478,29560000,2
2020-01-27,3,1587,31740000,2
2020-01-28,3,2018,40360000,2
2020-01-29,3,2448,48960000,2
2020-01-30,3,1906,38120000,2
2020-01-31,3,1122,22440000,2
2020-02-01,3,1187,23740000,2
2020-02-02,3,1838,36760000,2
2020-02-03,3,1052,21040000,2
2020-02-04,3,2180,43600000,2
2020-02-05,3,2443,48860000,2
2020-02-06,3,2397,47940000,2
2020-02-07,3,1262,25240000,2
2020-02-08,3,1282,25640000,2
2020-02-09,3,1421,28420000,2
2020-02-10,3,1956,39120000,2
2020-02-11,3,2209,44180000,2
2020-02-12,3,1864,37280000,2
2020-02-13,3,1510,30200000,2
2020-02-14,3,1502,30040000,2
2020-02-15,3,1327,26540000,2
2020-02-16,3,2497,49940000,2
2020-02-17,3,1706,34120000,2
2020-02-18,3,1858,37160000,2
2020-02-19,3,1773,35460000,2
2020-02-20,3,1256,25120000,2
2020-02-21,3,1215,24300000,2
2020-02-22,3,1217,24340000,2
2020-02-23,3,1657,33140000,2
2020-02-24,3,2095,41900000,2
2020-02-25,3,1801,36020000,2
2020-02-26,3,2461,49220000,2
2020-02-27,3,1470,29400000,2
2020-02-28,3,1000,20000000,2
2020-02-29,3,1155,23100000,2
2020-03-01,3,1082,21640000,2
2020-03-02,3,1438,28760000,2
2020-03-03,3,2254,45080000,2
2020-03-04,3,1424,28480000,2
2020-03-05,3,2487,49740000,2
2020-03-06,3,2025,40500000,2
2020-03-07,3,2319,46380000,2
2020-03-08,3,2154,43080000,2
2020-03-09,3,1071,21420000,2
2020-03-10,3,1285,25700000,2
2020-03-11,3,1337,26740000,2
2020-03-12,3,2491,49820000,2
2020-03-13,3,1421,28420000,2
2020-03-14,3,1055,21100000,2
2020-03-15,3,2399,47980000,2
2020-03-16,3,1778,35560000,2
2020-03-17,3,1185,23700000,2
2020-03-18,3,2038,40760000,2
2020-03-19,3,2397,47940000,2
2020-03-20,3,2060,41200000,2
2020-03-21,3,1474,29480000,2
2020-03-22,3,1513,30260000,2
2020-03-23,3,2350,47000000,2
2020-03-24,3,1674,33480000,2
2020-03-25,3,1151,23020000,2
2020-03-26,3,1760,35200000,2
2020-03-27,3,2380,47600000,2
2020-03-28,3,2038,40760000,2
2020-03-29,3,1279,25580000,2
2020-03-30,3,1533,30660000,2
2020-03-31,3,1918,38360000,2
2020-04-01,3,1351,27020000,2
2020-04-02,3,1432,28640000,2
2020-04-03,3,1233,24660000,2
2020-04-04,3,1455,29100000,2
2020-04-05,3,2148,42960000,2
2020-04-06,3,2103,42060000,2
2020-04-07,3,1193,23860000,2
2020-04-08,3,2075,41500000,2
2020-04-09,3,2083,41660000,2
2020-04-10,3,1972,39440000,2
2020-04-11,3,1430,28600000,2
2020-04-12,3,2321,46420000,2
2020-04-13,3,1482,29640000,2
2020-04-14,3,1395,27900000,2
2020-04-15,3,1355,27100000,2
2020-04-16,3,1563,31260000,2
2020-04-17,3,1159,23180000,2
2020-04-18,3,1675,33500000,2
2020-04-19,3,1558,31160000,2
2020-04-20,3,2398,47960000,2
2020-04-21,3,1936,38720000,2
2020-04-22,3,1226,24520000,2
2020-04-23,3,1498,29960000,2
2020-04-24,3,2264,45280000,2
2020-04-25,3,2163,43260000,2
2020-04-26,3,1208,24160000,2
2020-04-27,3,1164,23280000,2
2020-04-28,3,2234,44680000,2
2020-04-29,3,1093,21860000,2
2020-04-30,3,1546,30920000,2
2020-05-01,3,2149,42980000,2
2020-05-02,3,2179,43580000,2
2020-05-03,3,2275,45500000,2
2020-05-04,3,1687,33740000,2
2020-05-05,3,2254,45080000,2
2020-05-06,3,2047,40940000,2
2020-05-07,3,1669,33380000,2
2020-05-08,3,1402,28040000,2
2020-05-09,3,2323,46460000,2
2020-05-10,3,2433,48660000,2
2020-05-11,3,2356,47120000,2
2020-05-12,3,2116,42320000,2
2020-05-13,3,1034,20680000,2
2020-05-14,3,1090,21800000,2
2020-05-15,3,2340,46800000,2
2020-05-16,3,1465,29300000,2
2020-05-17,3,2421,48420000,2
2020-05-18,3,1109,22180000,2
2020-05-19,3,1511,30220000,2
2020-05-20,3,2291,45820000,2
2020-05-21,3,1306,26120000,2
2020-05-22,3,2471,49420000,2
2020-05-23,3,2217,44340000,2
2020-05-24,3,2461,49220000,2
2020-05-25,3,2074,41480000,2
2020-05-26,3,1016,20320000,2
2020-05-27,3,1911,38220000,2
2020-05-28,3,2194,43880000,2
2020-05-29,3,1871,37420000,2
2020-05-30,3,1013,20260000,2
2020-05-31,3,1757,35140000,2
2020-06-01,3,2120,42400000,2
2020-06-02,3,1287,25740000,2
2020-06-03,3,2038,40760000,2
2020-06-04,3,1696,33920000,2
2020-06-05,3,2435,48700000,2
2020-06-06,3,2250,45000000,2
2020-06-07,3,2330,46600000,2
2020-06-08,3,1890,37800000,2
2020-06-09,3,2092,41840000,2
2020-06-10,3,1942,38840000,2
2020-06-11,3,1751,35020000,2
2020-06-12,3,1376,27520000,2
2020-06-13,3,1093,21860000,2
2020-06-14,3,1195,23900000,2
2020-06-15,3,1565,31300000,2
2020-06-16,3,1064,21280000,2
2020-06-17,3,2323,46460000,2
2020-06-18,3,1957,39140000,2
2020-06-19,3,1426,28520000,2
2020-06-20,3,1785,35700000,2
2020-06-21,3,1880,37600000,2
2020-06-22,3,1863,37260000,2
2020-06-23,3,1365,27300000,2
2020-06-24,3,1195,23900000,2
2020-06-25,3,1095,21900000,2
2020-06-26,3,1159,23180000,2
2020-06-27,3,1474,29480000,2
2020-06-28,3,2066,41320000,2
2020-06-29,3,2367,47340000,2
2020-06-30,3,2279,45580000,2
2020-07-01,3,1670,33400000,2
2020-07-02,3,1886,37720000,2
2020-07-03,3,1774,35480000,2
2020-07-04,3,2488,49760000,2
2020-07-05,3,1881,37620000,2
2020-07-06,3,1619,32380000,2
2020-07-07,3,1123,22460000,2
2020-07-08,3,2078,41560000,2
2020-07-09,3,1454,29080000,2
2020-07-10,3,2234,44680000,2
2020-07-11,3,1533,30660000,2
2020-07-12,3,1717,34340000,2
2020-07-13,3,1598,31960000,2
2020-07-14,3,1710,34200000,2
2020-07-15,3,1583,31660000,2
2020-07-16,3,2334,46680000,2
2020-07-17,3,2211,44220000,2
2020-07-18,3,2098,41960000,2
2020-07-19,3,2292,45840000,2
2020-07-20,3,2237,44740000,2
2020-07-21,3,1502,30040000,2
2020-07-22,3,1931,38620000,2
2020-07-23,3,1468,29360000,2
2020-07-24,3,2089,41780000,2
2020-07-25,3,1805,36100000,2
2020-07-26,3,2096,41920000,2
2020-07-27,3,1947,38940000,2
2020-07-28,3,1486,29720000,2
2020-07-29,3,1040,20800000,2
2020-07-30,3,1149,22980000,2
2020-07-31,3,2153,43060000,2
2020-08-01,3,2257,45140000,2
2020-08-02,3,2418,48360000,2
2020-08-03,3,2169,43380000,2
2020-08-04,3,1649,32980000,2
2020-08-05,3,1499,29980000,2
2020-08-06,3,1552,31040000,2
2020-08-07,3,1479,29580000,2
2020-08-08,3,1729,34580000,2
2020-08-09,3,1806,36120000,2
2020-08-10,3,1314,26280000,2
2020-08-11,3,1651,33020000,2
2020-08-12,3,1887,37740000,2
2020-08-13,3,2004,40080000,2
2020-08-14,3,1182,23640000,2
2020-08-15,3,2398,47960000,2
2020-08-16,3,1549,30980000,2
2020-08-17,3,2435,48700000,2
2020-08-18,3,1196,23920000,2
2020-08-19,3,1142,22840000,2
2020-08-20,3,1828,36560000,2
2020-08-21,3,2133,42660000,2
2020-08-22,3,2142,42840000,2
2020-08-23,3,1722,34440000,2
2020-08-24,3,2026,40520000,2
2020-08-25,3,1795,35900000,2
2020-08-26,3,2065,41300000,2
2020-08-27,3,1454,29080000,2
2020-08-28,3,2134,42680000,2
2020-08-29,3,1571,31420000,2
2020-08-30,3,1786,35720000,2
2020-08-31,3,2089,41780000,2
2020-09-01,3,1039,20780000,2
2020-09-02,3,2455,49100000,2
2020-09-03,3,1914,38280000,2
2020-09-04,3,2433,48660000,2
2020-09-05,3,1345,26900000,2
2020-09-06,3,1989,39780000,2
2020-09-07,3,1918,38360000,2
2020-09-08,3,1078,21560000,2
2020-09-09,3,2219,44380000,2
2020-09-10,3,1357,27140000,2
2020-09-11,3,1289,25780000,2
2020-09-12,3,1780,35600000,2
2020-09-13,3,1618,32360000,2
2020-09-14,3,1236,24720000,2
2020-09-15,3,1669,33380000,2
2020-09-16,3,1938,38760000,2
2020-09-17,3,1463,29260000,2
2020-09-18,3,1123,22460000,2
2020-09-19,3,2108,42160000,2
2020-09-20,3,1044,20880000,2
2020-09-21,3,1630,32600000,2
2020-09-22,3,1711,34220000,2
2020-09-23,3,1208,24160000,2
2020-09-24,3,1128,22560000,2
2020-09-25,3,1350,27000000,2
2020-09-26,3,1511,30220000,2
2020-09-27,3,1036,20720000,2
2020-09-28,3,1096,21920000,2
2020-09-29,3,1688,33760000,2
2020-09-30,3,2441,48820000,2
2020-10-01,3,1385,27700000,2
2020-10-02,3,1058,21160000,2
2020-10-03,3,2317,46340000,2
2020-10-04,3,1380,27600000,2
2020-10-05,3,2467,49340000,2
2020-10-06,3,1310,26200000,2
2020-10-07,3,1606,32120000,2
2020-10-08,3,1071,21420000,2
2020-10-09,3,1541,30820000,2
2020-10-10,3,1962,39240000,2
2020-10-11,3,1208,24160000,2
2020-10-12,3,1697,33940000,2
2020-10-13,3,2116,42320000,2
2020-10-14,3,2143,42860000,2
2020-10-15,3,1555,31100000,2
2020-10-16,3,2142,42840000,2
2020-10-17,3,2461,49220000,2
2020-10-18,3,1214,24280000,2
2020-10-19,3,1679,33580000,2
2020-10-20,3,1437,28740000,2
2020-10-21,3,1989,39780000,2
2020-10-22,3,2255,45100000,2
2020-10-23,3,2291,45820000,2
2020-10-24,3,1085,21700000,2
2020-10-25,3,1906,38120000,2
2020-10-26,3,2167,43340000,2
2020-10-27,3,2268,45360000,2
2020-10-28,3,2452,49040000,2
2020-10-29,3,1600,32000000,2
2020-10-30,3,1043,20860000,2
2020-10-31,3,1964,39280000,2
2020-11-01,3,1265,25300000,2
2020-11-02,3,2275,45500000,2
2020-11-03,3,1216,24320000,2
2020-11-04,3,2405,48100000,2
2020-11-05,3,1631,32620000,2
2020-11-06,3,2362,47240000,2
2020-11-07,3,1678,33560000,2
2020-11-08,3,1827,36540000,2
2020-11-09,3,2407,48140000,2
2020-11-10,3,1821,36420000,2
2020-11-11,3,1329,26580000,2
2020-11-12,3,1091,21820000,2
2020-11-13,3,1327,26540000,2
2020-11-14,3,1852,37040000,2
2020-11-15,3,1742,34840000,2
2020-11-16,3,2466,49320000,2
2020-11-17,3,1094,21880000,2
2020-11-18,3,1001,20020000,2
2020-11-19,3,2494,49880000,2
2020-11-20,3,1614,32280000,2
2020-11-21,3,1242,24840000,2
2020-11-22,3,1260,25200000,2
2020-11-23,3,1952,39040000,2
2020-11-24,3,2484,49680000,2
2020-11-25,3,1173,23460000,2
2020-11-26,3,1796,35920000,2
2020-11-27,3,2388,47760000,2
2020-11-28,3,2463,49260000,2
2020-11-29,3,2273,45460000,2
2020-11-30,3,1717,34340000,2
2020-12-01,3,1752,35040000,2
2020-12-02,3,1942,38840000,2
2020-12-03,3,1870,37400000,2
2020-12-04,3,2151,43020000,2
2020-12-05,3,2388,47760000,2
2020-12-06,3,1881,37620000,2
2020-12-07,3,1208,24160000,2
2020-12-08,3,2127,42540000,2
2020-12-09,3,2429,48580000,2
2020-12-10,3,2203,44060000,2
2020-12-11,3,1888,37760000,2
2020-12-12,3,1289,25780000,2
2020-12-13,3,2189,43780000,2
2020-12-14,3,1589,31780000,2
2020-12-15,3,1828,36560000,2
2020-12-16,3,1296,25920000,2
2020-12-17,3,2386,47720000,2
2020-12-18,3,1351,27020000,2
2020-12-19,3,1153,23060000,2
2020-12-20,3,1608,32160000,2
2020-12-21,3,1786,35720000,2
2020-12-22,3,1337,26740000,2
2020-12-23,3,1695,33900000,2
2020-12-24,3,2383,47660000,2
2020-12-25,3,1894,37880000,2
2020-12-26,3,2154,43080000,2
2020-12-27,3,1343,26860000,2
2020-12-28,3,2050,41000000,2
2020-12-29,3,2270,45400000,2
2020-12-30,3,1836,36720000,2
2020-12-31,3,1745,34900000,2
2021-01-01,3,1255,25100000,2
2021-01-02,3,2460,49200000,2
2021-01-03,3,2099,41980000,2
2021-01-04,3,1013,20260000,2
2021-01-05,3,1942,38840000,2
2021-01-06,3,2105,42100000,2
2021-01-07,3,2473,49460000,2
2021-01-08,3,1482,29640000,2
2021-01-09,3,2284,45680000,2
2021-01-10,3,1936,38720000,2
2021-01-11,3,2300,46000000,2
2021-01-12,3,2302,46040000,2
2021-01-13,3,1776,35520000,2
2021-01-14,3,2218,44360000,2
2021-01-15,3,1642,32840000,2
2021-01-16,3,1097,21940000,2
2021-01-17,3,2358,47160000,2
2021-01-18,3,1956,39120000,2
2021-01-19,3,2483,49660000,2
2021-01-20,3,2378,47560000,2
2021-01-21,3,1405,28100000,2
2021-01-22,3,2346,46920000,2
2021-01-23,3,1785,35700000,2
2021-01-24,3,1606,32120000,2
2021-01-25,3,1555,31100000,2
2021-01-26,3,1648,32960000,2
2021-01-27,3,2096,41920000,2
2021-01-28,3,2231,44620000,2
2021-01-29,3,2412,48240000,2
2021-01-30,3,1035,20700000,2
2021-01-31,3,1099,21980000,2
2021-02-01,3,1591,31820000,2
2021-02-02,3,2456,49120000,2
2021-02-03,3,1456,29120000,2
2021-02-04,3,1410,28200000,2
2021-02-05,3,1607,32140000,2
2021-02-06,3,2264,45280000,2
2021-02-07,3,1084,21680000,2
2021-02-08,3,1733,34660000,2
2021-02-09,3,1607,32140000,2
2021-02-10,3,1719,34380000,2
2021-02-11,3,2476,49520000,2
2021-02-12,3,2291,45820000,2
2021-02-13,3,1598,31960000,2
2021-02-14,3,1038,20760000,2
2021-02-15,3,1254,25080000,2
2021-02-16,3,2143,42860000,2
2021-02-17,3,2288,45760000,2
2021-02-18,3,1348,26960000,2
2021-02-19,3,2269,45380000,2
2021-02-20,3,1966,39320000,2
2021-02-21,3,2270,45400000,2
2021-02-22,3,2188,43760000,2
2021-02-23,3,1101,22020000,2
2021-02-24,3,1832,36640000,2
2021-02-25,3,2350,47000000,2
2021-02-26,3,1339,26780000,2
2021-02-27,3,1283,25660000,2
2021-02-28,3,1750,35000000,2
2021-03-01,3,1890,37800000,2
2021-03-02,3,2099,41980000,2
2021-03-03,3,1229,24580000,2
2021-03-04,3,1984,39680000,2
2021-03-05,3,1715,34300000,2
2021-03-06,3,1628,32560000,2
2021-03-07,3,1362,27240000,2
2021-03-08,3,2331,46620000,2
2021-03-09,3,1952,39040000,2
2021-03-10,3,1234,24680000,2
2021-03-11,3,2334,46680000,2
2021-03-12,3,2185,43700000,2
2021-03-13,3,1920,38400000,2
2021-03-14,3,1446,28920000,2
2021-03-15,3,2416,48320000,2
2021-03-16,3,1902,38040000,2
2021-03-17,3,1789,35780000,2
2021-03-18,3,2364,47280000,2
2021-03-19,3,1138,22760000,2
2021-03-20,3,1445,28900000,2
2021-03-21,3,1567,31340000,2
2021-03-22,3,1019,20380000,2
2021-03-23,3,1962,39240000,2
2021-03-24,3,2461,49220000,2
2021-03-25,3,2009,40180000,2
2021-03-26,3,1734,34680000,2
2021-03-27,3,2134,42680000,2
2021-03-28,3,1825,36500000,2
2021-03-29,3,2039,40780000,2
2021-03-30,3,1947,38940000,2
2021-03-31,3,1510,30200000,2
2021-04-01,3,1889,37780000,2
2021-04-02,3,2482,49640000,2
2021-04-03,3,1153,23060000,2
2021-04-04,3,1947,38940000,2
2021-04-05,3,1794,35880000,2
2021-04-06,3,1589,31780000,2
2021-04-07,3,1352,27040000,2
2021-04-08,3,1070,21400000,2
2021-04-09,3,1470,29400000,2
2021-04-10,3,1669,33380000,2
2021-04-11,3,2099,41980000,2
2021-04-12,3,2061,41220000,2
2021-04-13,3,1018,20360000,2
2021-04-14,3,1246,24920000,2
2021-04-15,3,2385,47700000,2
2021-04-16,3,1842,36840000,2
2021-04-17,3,1004,20080000,2
2021-04-18,3,1643,32860000,2
2021-04-19,3,1040,20800000,2
2021-04-20,3,2117,42340000,2
2021-04-21,3,1896,37920000,2
2021-04-22,3,1405,28100000,2
2021-04-23,3,1244,24880000,2
2021-04-24,3,2039,40780000,2
2021-04-25,3,2337,46740000,2
2021-04-26,3,2271,45420000,2
2021-04-27,3,2206,44120000,2
2021-04-28,3,2100,42000000,2
2021-04-29,3,1197,23940000,2
2021-04-30,3,1756,35120000,2
2021-05-01,3,1404,28080000,2
2021-05-02,3,1592,31840000,2
2021-05-03,3,1774,35480000,2
2021-05-04,3,1110,22200000,2
2021-05-05,3,2361,47220000,2
2021-05-06,3,1127,22540000,2
2021-05-07,3,1502,30040000,2
2021-05-08,3,2262,45240000,2
2021-05-09,3,2283,45660000,2
2021-05-10,3,1686,33720000,2
2021-05-11,3,1944,38880000,2
2021-05-12,3,1186,23720000,2
2021-05-13,3,2422,48440000,2
2021-05-14,3,1284,25680000,2
2021-05-15,3,1684,33680000,2
2021-05-16,3,1750,35000000,2
2021-05-17,3,1383,27660000,2
2021-05-18,3,1437,28740000,2
2021-05-19,3,1704,34080000,2
2021-05-20,3,1614,32280000,2
2021-05-21,3,1813,36260000,2
2021-05-22,3,1540,30800000,2
2021-05-23,3,1728,34560000,2
2021-05-24,3,1773,35460000,2
2021-05-25,3,1193,23860000,2
2021-05-26,3,1761,35220000,2
2021-05-27,3,1893,37860000,2
2021-05-28,3,1212,24240000,2
2021-05-29,3,1421,28420000,2
2021-05-30,3,1601,32020000,2
2021-05-31,3,2190,43800000,2
2021-06-01,3,2227,44540000,2
2021-06-02,3,1568,31360000,2
2021-06-03,3,1778,35560000,2
2021-06-04,3,2210,44200000,2
2021-06-05,3,2359,47180000,2
2021-06-06,3,1966,39320000,2
2021-06-07,3,2041,40820000,2
2021-06-08,3,1332,26640000,2
2021-06-09,3,1173,23460000,2
2021-06-10,3,1530,30600000,2
2021-06-11,3,2002,40040000,2
2021-06-12,3,1661,33220000,2
2021-06-13,3,1916,38320000,2
2021-06-14,3,1390,27800000,2
2021-06-15,3,2123,42460000,2
2021-06-16,3,1433,28660000,2
2021-06-17,3,1572,31440000,2
2021-06-18,3,2354,47080000,2
2021-06-19,3,2209,44180000,2
2021-06-20,3,1962,39240000,2
2021-06-21,3,2025,40500000,2
2021-06-22,3,1444,28880000,2
2021-06-23,3,2206,44120000,2
2021-06-24,3,2433,48660000,2
2021-06-25,3,1032,20640000,2
2021-06-26,3,1229,24580000,2
2021-06-27,3,1416,28320000,2
2021-06-28,3,1859,37180000,2
2021-06-29,3,1621,32420000,2
2021-06-30,3,1284,25680000,2
2021-07-01,3,1895,37900000,2
2021-07-02,3,1110,22200000,2
2021-07-03,3,1115,22300000,2
2021-07-04,3,1005,20100000,2
2021-07-05,3,1809,36180000,2
2021-07-06,3,1093,21860000,2
2021-07-07,3,2447,48940000,2
2021-07-08,3,1323,26460000,2
2021-07-09,3,1882,37640000,2
2021-07-10,3,1532,30640000,2
2021-07-11,3,2455,49100000,2
2021-07-12,3,1883,37660000,2
2021-07-13,3,1118,22360000,2
2021-07-14,3,2263,45260000,2
2021-07-15,3,2343,46860000,2
2021-07-16,3,1305,26100000,2
2021-07-17,3,1289,25780000,2
2021-07-18,3,1009,20180000,2
2021-07-19,3,2341,46820000,2
2021-07-20,3,1068,21360000,2
2021-07-21,3,2033,40660000,2
2021-07-22,3,2273,45460000,2
2021-07-23,3,1837,36740000,2
2021-07-24,3,2400,48000000,2
2021-07-25,3,1045,20900000,2
2021-07-26,3,1863,37260000,2
2021-07-27,3,2152,43040000,2
2021-07-28,3,1506,30120000,2
2021-07-29,3,1222,24440000,2
2021-07-30,3,1922,38440000,2
2021-07-31,3,2043,40860000,2
2021-08-01,3,1386,27720000,2
2021-08-02,3,1088,21760000,2
2021-08-03,3,1425,28500000,2
2021-08-04,3,1212,24240000,2
2021-08-05,3,1061,21220000,2
2021-08-06,3,1030,20600000,2
2021-08-07,3,2286,45720000,2
2021-08-08,3,2302,46040000,2
2021-08-09,3,1058,21160000,2
2021-08-10,3,1525,30500000,2
2021-08-11,3,2273,45460000,2
2021-08-12,3,2155,43100000,2
2021-08-13,3,1056,21120000,2
2021-08-14,3,2070,41400000,2
2021-08-15,3,1746,34920000,2
2021-08-16,3,1138,22760000,2
2021-08-17,3,1439,28780000,2
2021-08-18,3,1258,25160000,2
2021-08-19,3,1592,31840000,2
2021-08-20,3,1658,33160000,2
2021-08-21,3,1531,30620000,2
2021-08-22,3,1763,35260000,2
2021-08-23,3,1047,20940000,2
2021-08-24,3,1162,23240000,2
2021-08-25,3,1256,25120000,2
2021-08-26,3,1674,33480000,2
2021-08-27,3,1651,33020000,2
2021-08-28,3,1531,30620000,2
2021-08-29,3,1593,31860000,2
2021-08-30,3,1527,30540000,2
2021-08-31,3,1767,35340000,2
2021-09-01,3,1673,33460000,2
2021-09-02,3,1705,34100000,2
2021-09-03,3,1686,33720000,2
2021-09-04,3,1536,30720000,2
2021-09-05,3,2275,45500000,2
2021-09-06,3,2251,45020000,2
2021-09-07,3,1652,33040000,2
2021-09-08,3,1838,36760000,2
2021-09-09,3,1553,31060000,2
2021-09-10,3,1619,32380000,2
2021-09-11,3,1497,29940000,2
2021-09-12,3,1773,35460000,2
2021-09-13,3,1048,20960000,2
2021-09-14,3,1714,34280000,2
2021-09-15,3,2373,47460000,2
2021-09-16,3,1434,28680000,2
2021-09-17,3,1479,29580000,2
2021-09-18,3,1710,34200000,2
2021-09-19,3,1846,36920000,2
2021-09-20,3,1122,22440000,2
2021-09-21,3,2134,42680000,2
2021-09-22,3,1118,22360000,2
2021-09-23,3,2259,45180000,2
2021-09-24,3,2159,43180000,2
2021-09-25,3,1506,30120000,2
2021-09-26,3,1951,39020000,2
2021-09-27,3,2031,40620000,2
2021-09-28,3,2052,41040000,2
2021-09-29,3,2451,49020000,2
2021-09-30,3,1475,29500000,2
2021-10-01,3,2390,47800000,2
2021-10-02,3,1752,35040000,2
2021-10-03,3,1132,22640000,2
2021-10-04,3,1825,36500000,2
2021-10-05,3,2317,46340000,2
2021-10-06,3,1293,25860000,2
2021-10-07,3,2052,41040000,2
2021-10-08,3,1770,35400000,2
2021-10-09,3,1961,39220000,2
2021-10-10,3,1269,25380000,2
2021-10-11,3,1795,35900000,2
2021-10-12,3,1214,24280000,2
2021-10-13,3,1484,29680000,2
2021-10-14,3,2336,46720000,2
2021-10-15,3,1330,26600000,2
2021-10-16,3,1675,33500000,2
2021-10-17,3,1748,34960000,2
2021-10-18,3,1883,37660000,2
2021-10-19,3,1309,26180000,2
2021-10-20,3,1157,23140000,2
2021-10-21,3,2431,48620000,2
2021-10-22,3,1241,24820000,2
2021-10-23,3,2183,43660000,2
2021-10-24,3,1975,39500000,2
2021-10-25,3,1402,28040000,2
2021-10-26,3,1269,25380000,2
2021-10-27,3,1605,32100000,2
2021-10-28,3,1188,23760000,2
2021-10-29,3,2274,45480000,2
2021-10-30,3,2304,46080000,2
2021-10-31,3,2336,46720000,2
2021-11-01,3,2265,45300000,2
2021-11-02,3,1621,32420000,2
2021-11-03,3,1550,31000000,2
2021-11-04,3,1892,37840000,2
2021-11-05,3,2040,40800000,2
2021-11-06,3,1326,26520000,2
2021-11-07,3,2089,41780000,2
2021-11-08,3,1636,32720000,2
2021-11-09,3,2096,41920000,2
2021-11-10,3,1736,34720000,2
2021-11-11,3,1847,36940000,2
2021-11-12,3,1839,36780000,2
2021-11-13,3,1073,21460000,2
2021-11-14,3,2187,43740000,2
2021-11-15,3,2186,43720000,2
2021-11-16,3,2449,48980000,2
2021-11-17,3,2387,47740000,2
2021-11-18,3,1831,36620000,2
2021-11-19,3,2348,46960000,2
2021-11-20,3,1612,32240000,2
2021-11-21,3,1170,23400000,2
2021-11-22,3,2171,43420000,2
2021-11-23,3,2414,48280000,2
2021-11-24,3,1427,28540000,2
2021-11-25,3,1805,36100000,2
2021-11-26,3,1617,32340000,2
2021-11-27,3,1202,24040000,2
2021-11-28,3,1776,35520000,2
2021-11-29,3,1508,30160000,2
2021-11-30,3,1690,33800000,2
2021-12-01,3,2499,49980000,2
2021-12-02,3,2083,41660000,2
2021-12-03,3,1507,30140000,2
2021-12-04,3,2350,47000000,2
2021-12-05,3,1834,36680000,2
2021-12-06,3,1932,38640000,2
2021-12-07,3,2243,44860000,2
2021-12-08,3,2149,42980000,2
2021-12-09,3,1180,23600000,2
2021-12-10,3,2180,43600000,2
2021-12-11,3,2252,45040000,2
2021-12-12,3,1200,24000000,2
2021-12-13,3,1293,25860000,2
2021-12-14,3,1950,39000000,2
2021-12-15,3,1256,25120000,2
2021-12-16,3,1297,25940000,2
2021-12-17,3,2247,44940000,2
2021-12-18,3,2257,45140000,2
2021-12-19,3,1759,35180000,2
2021-12-20,3,1568,31360000,2
2021-12-21,3,2441,48820000,2
2021-12-22,3,1767,35340000,2
2021-12-23,3,2404,48080000,2
2021-12-24,3,2265,45300000,2
2021-12-25,3,1074,21480000,2
2021-12-26,3,1039,20780000,2
2021-12-27,3,1916,38320000,2
2021-12-28,3,1463,29260000,2
2021-12-29,3,1658,33160000,2
2021-12-30,3,1630,32600000,2
2021-12-31,3,1783,35660000,2
2020-01-01,21,2005,118295000,2
2020-01-02,21,2053,121127000,2
2020-01-03,21,1984,117056000,2
2020-01-04,21,1938,114342000,2
2020-01-05,21,1535,90565000,2
2020-01-06,21,1820,107380000,2
2020-01-07,21,1113,65667000,2
2020-01-08,21,1446,85314000,2
2020-01-09,21,1775,104725000,2
2020-01-10,21,1470,86730000,2
2020-01-11,21,2434,143606000,2
2020-01-12,21,1301,76759000,2
2020-01-13,21,1486,87674000,2
2020-01-14,21,2145,126555000,2
2020-01-15,21,1843,108737000,2
2020-01-16,21,1563,92217000,2
2020-01-17,21,1476,87084000,2
2020-01-18,21,1378,81302000,2
2020-01-19,21,2163,127617000,2
2020-01-20,21,2383,140597000,2
2020-01-21,21,1046,61714000,2
2020-01-22,21,1674,98766000,2
2020-01-23,21,2270,133930000,2
2020-01-24,21,1135,66965000,2
2020-01-25,21,1066,62894000,2
2020-01-26,21,2333,137647000,2
2020-01-27,21,1638,96642000,2
2020-01-28,21,2054,121186000,2
2020-01-29,21,1302,76818000,2
2020-01-30,21,2247,132573000,2
2020-01-31,21,1242,73278000,2
2020-02-01,21,1472,86848000,2
2020-02-02,21,1063,62717000,2
2020-02-03,21,2159,127381000,2
2020-02-04,21,2426,143134000,2
2020-02-05,21,1752,103368000,2
2020-02-06,21,2463,145317000,2
2020-02-07,21,1280,75520000,2
2020-02-08,21,2449,144491000,2
2020-02-09,21,1098,64782000,2
2020-02-10,21,2134,125906000,2
2020-02-11,21,1455,85845000,2
2020-02-12,21,1067,62953000,2
2020-02-13,21,2394,141246000,2
2020-02-14,21,2203,129977000,2
2020-02-15,21,1068,63012000,2
2020-02-16,21,1993,117587000,2
2020-02-17,21,2052,121068000,2
2020-02-18,21,2194,129446000,2
2020-02-19,21,1798,106082000,2
2020-02-20,21,2274,134166000,2
2020-02-21,21,2246,132514000,2
2020-02-22,21,2364,139476000,2
2020-02-23,21,1876,110684000,2
2020-02-24,21,2104,124136000,2
2020-02-25,21,1529,90211000,2
2020-02-26,21,1913,112867000,2
2020-02-27,21,1319,77821000,2
2020-02-28,21,1430,84370000,2
2020-02-29,21,1878,110802000,2
2020-03-01,21,1866,110094000,2
2020-03-02,21,1576,92984000,2
2020-03-03,21,1807,106613000,2
2020-03-04,21,2007,118413000,2
2020-03-05,21,2189,129151000,2
2020-03-06,21,1647,97173000,2
2020-03-07,21,1229,72511000,2
2020-03-08,21,1167,68853000,2
2020-03-09,21,1987,117233000,2
2020-03-10,21,1987,117233000,2
2020-03-11,21,2058,121422000,2
2020-03-12,21,1709,100831000,2
2020-03-13,21,2193,129387000,2
2020-03-14,21,2018,119062000,2
2020-03-15,21,1229,72511000,2
2020-03-16,21,2435,143665000,2
2020-03-17,21,2238,132042000,2
2020-03-18,21,1216,71744000,2
2020-03-19,21,1847,108973000,2
2020-03-20,21,1987,117233000,2
2020-03-21,21,1273,75107000,2
2020-03-22,21,1986,117174000,2
2020-03-23,21,1875,110625000,2
2020-03-24,21,2300,135700000,2
2020-03-25,21,1363,80417000,2
2020-03-26,21,1747,103073000,2
2020-03-27,21,1562,92158000,2
2020-03-28,21,1291,76169000,2
2020-03-29,21,1426,84134000,2
2020-03-30,21,1651,97409000,2
2020-03-31,21,2481,146379000,2
2020-04-01,21,1808,106672000,2
2020-04-02,21,1086,64074000,2
2020-04-03,21,1013,59767000,2
2020-04-04,21,1838,108442000,2
2020-04-05,21,1180,69620000,2
2020-04-06,21,1314,77526000,2
2020-04-07,21,2163,127617000,2
2020-04-08,21,2030,119770000,2
2020-04-09,21,2399,141541000,2
2020-04-10,21,1692,99828000,2
2020-04-11,21,2335,137765000,2
2020-04-12,21,1845,108855000,2
2020-04-13,21,2499,147441000,2
2020-04-14,21,1535,90565000,2
2020-04-15,21,1904,112336000,2
2020-04-16,21,2168,127912000,2
2020-04-17,21,1695,100005000,2
2020-04-18,21,2086,123074000,2
2020-04-19,21,1468,86612000,2
2020-04-20,21,1995,117705000,2
2020-04-21,21,1760,103840000,2
2020-04-22,21,1224,72216000,2
2020-04-23,21,2183,128797000,2
2020-04-24,21,1197,70623000,2
2020-04-25,21,1793,105787000,2
2020-04-26,21,2075,122425000,2
2020-04-27,21,1615,95285000,2
2020-04-28,21,2067,121953000,2
2020-04-29,21,1890,111510000,2
2020-04-30,21,2048,120832000,2
2020-05-01,21,2409,142131000,2
2020-05-02,21,1835,108265000,2
2020-05-03,21,1693,99887000,2
2020-05-04,21,1932,113988000,2
2020-05-05,21,1886,111274000,2
2020-05-06,21,1829,107911000,2
2020-05-07,21,1968,116112000,2
2020-05-08,21,2106,124254000,2
2020-05-09,21,1615,95285000,2
2020-05-10,21,2111,124549000,2
2020-05-11,21,2412,142308000,2
2020-05-12,21,2242,132278000,2
2020-05-13,21,2221,131039000,2
2020-05-14,21,1316,77644000,2
2020-05-15,21,1339,79001000,2
2020-05-16,21,2246,132514000,2
2020-05-17,21,2471,145789000,2
2020-05-18,21,1501,88559000,2
2020-05-19,21,2389,140951000,2
2020-05-20,21,1996,117764000,2
2020-05-21,21,1850,109150000,2
2020-05-22,21,1785,105315000,2
2020-05-23,21,2042,120478000,2
2020-05-24,21,1852,109268000,2
2020-05-25,21,1017,60003000,2
2020-05-26,21,2344,138296000,2
2020-05-27,21,1866,110094000,2
2020-05-28,21,1942,114578000,2
2020-05-29,21,1295,76405000,2
2020-05-30,21,1545,91155000,2
2020-05-31,21,1019,60121000,2
2020-06-01,21,1385,81715000,2
2020-06-02,21,1419,83721000,2
2020-06-03,21,1684,99356000,2
2020-06-04,21,1435,84665000,2
2020-06-05,21,1265,74635000,2
2020-06-06,21,2423,142957000,2
2020-06-07,21,2326,137234000,2
2020-06-08,21,1777,104843000,2
2020-06-09,21,1102,65018000,2
2020-06-10,21,2140,126260000,2
2020-06-11,21,1588,93692000,2
2020-06-12,21,2280,134520000,2
2020-06-13,21,1356,80004000,2
2020-06-14,21,1887,111333000,2
2020-06-15,21,2478,146202000,2
2020-06-16,21,1565,92335000,2
2020-06-17,21,1006,59354000,2
2020-06-18,21,2115,124785000,2
2020-06-19,21,2429,143311000,2
2020-06-20,21,1424,84016000,2
2020-06-21,21,2153,127027000,2
2020-06-22,21,1068,63012000,2
2020-06-23,21,2272,134048000,2
2020-06-24,21,1087,64133000,2
2020-06-25,21,2172,128148000,2
2020-06-26,21,2448,144432000,2
2020-06-27,21,2073,122307000,2
2020-06-28,21,1030,60770000,2
2020-06-29,21,1669,98471000,2
2020-06-30,21,2460,145140000,2
2020-07-01,21,1169,68971000,2
2020-07-02,21,1883,111097000,2
2020-07-03,21,2448,144432000,2
2020-07-04,21,1602,94518000,2
2020-07-05,21,2307,136113000,2
2020-07-06,21,1189,70151000,2
2020-07-07,21,2432,143488000,2
2020-07-08,21,1802,106318000,2
2020-07-09,21,1992,117528000,2
2020-07-10,21,1470,86730000,2
2020-07-11,21,2035,120065000,2
2020-07-12,21,2302,135818000,2
2020-07-13,21,2346,138414000,2
2020-07-14,21,1460,86140000,2
2020-07-15,21,1438,84842000,2
2020-07-16,21,2100,123900000,2
2020-07-17,21,1011,59649000,2
2020-07-18,21,1845,108855000,2
2020-07-19,21,1656,97704000,2
2020-07-20,21,2375,140125000,2
2020-07-21,21,1603,94577000,2
2020-07-22,21,1537,90683000,2
2020-07-23,21,2318,136762000,2
2020-07-24,21,2477,146143000,2
2020-07-25,21,2423,142957000,2
2020-07-26,21,1011,59649000,2
2020-07-27,21,1017,60003000,2
2020-07-28,21,2050,120950000,2
2020-07-29,21,1235,72865000,2
2020-07-30,21,1366,80594000,2
2020-07-31,21,1776,104784000,2
2020-08-01,21,2103,124077000,2
2020-08-02,21,2314,136526000,2
2020-08-03,21,1353,79827000,2
2020-08-04,21,1748,103132000,2
2020-08-05,21,1752,103368000,2
2020-08-06,21,1461,86199000,2
2020-08-07,21,1476,87084000,2
2020-08-08,21,2232,131688000,2
2020-08-09,21,1780,105020000,2
2020-08-10,21,1463,86317000,2
2020-08-11,21,2126,125434000,2
2020-08-12,21,1392,82128000,2
2020-08-13,21,1379,81361000,2
2020-08-14,21,1079,63661000,2
2020-08-15,21,1134,66906000,2
2020-08-16,21,2365,139535000,2
2020-08-17,21,1872,110448000,2
2020-08-18,21,1564,92276000,2
2020-08-19,21,2225,131275000,2
2020-08-20,21,1868,110212000,2
2020-08-21,21,2200,129800000,2
2020-08-22,21,1845,108855000,2
2020-08-23,21,1131,66729000,2
2020-08-24,21,1324,78116000,2
2020-08-25,21,1937,114283000,2
2020-08-26,21,2227,131393000,2
2020-08-27,21,2019,119121000,2
2020-08-28,21,1480,87320000,2
2020-08-29,21,1152,67968000,2
2020-08-30,21,1104,65136000,2
2020-08-31,21,1659,97881000,2
2020-09-01,21,1911,112749000,2
2020-09-02,21,2325,137175000,2
2020-09-03,21,1004,59236000,2
2020-09-04,21,1535,90565000,2
2020-09-05,21,2252,132868000,2
2020-09-06,21,2213,130567000,2
2020-09-07,21,1523,89857000,2
2020-09-08,21,1462,86258000,2
2020-09-09,21,1114,65726000,2
2020-09-10,21,1280,75520000,2
2020-09-11,21,2011,118649000,2
2020-09-12,21,1080,63720000,2
2020-09-13,21,1450,85550000,2
2020-09-14,21,1512,89208000,2
2020-09-15,21,1727,101893000,2
2020-09-16,21,1976,116584000,2
2020-09-17,21,1257,74163000,2
2020-09-18,21,2457,144963000,2
2020-09-19,21,2285,134815000,2
2020-09-20,21,1635,96465000,2
2020-09-21,21,1076,63484000,2
2020-09-22,21,1088,64192000,2
2020-09-23,21,1541,90919000,2
2020-09-24,21,2290,135110000,2
2020-09-25,21,1400,82600000,2
2020-09-26,21,2334,137706000,2
2020-09-27,21,1194,70446000,2
2020-09-28,21,1835,108265000,2
2020-09-29,21,1406,82954000,2
2020-09-30,21,1729,102011000,2
2020-10-01,21,2279,134461000,2
2020-10-02,21,1154,68086000,2
2020-10-03,21,1260,74340000,2
2020-10-04,21,1248,73632000,2
2020-10-05,21,1792,105728000,2
2020-10-06,21,1156,68204000,2
2020-10-07,21,2359,139181000,2
2020-10-08,21,1479,87261000,2
2020-10-09,21,1197,70623000,2
2020-10-10,21,1764,104076000,2
2020-10-11,21,2322,136998000,2
2020-10-12,21,2196,129564000,2
2020-10-13,21,1644,96996000,2
2020-10-14,21,2217,130803000,2
2020-10-15,21,1794,105846000,2
2020-10-16,21,1435,84665000,2
2020-10-17,21,1833,108147000,2
2020-10-18,21,1907,112513000,2
2020-10-19,21,1167,68853000,2
2020-10-20,21,1256,74104000,2
2020-10-21,21,1639,96701000,2
2020-10-22,21,2093,123487000,2
2020-10-23,21,1411,83249000,2
2020-10-24,21,2088,123192000,2
2020-10-25,21,1406,82954000,2
2020-10-26,21,2125,125375000,2
2020-10-27,21,1018,60062000,2
2020-10-28,21,2242,132278000,2
2020-10-29,21,2294,135346000,2
2020-10-30,21,1242,73278000,2
2020-10-31,21,1006,59354000,2
2020-11-01,21,2236,131924000,2
2020-11-02,21,1805,106495000,2
2020-11-03,21,2067,121953000,2
2020-11-04,21,2468,145612000,2
2020-11-05,21,1684,99356000,2
2020-11-06,21,1633,96347000,2
2020-11-07,21,1619,95521000,2
2020-11-08,21,1113,65667000,2
2020-11-09,21,1225,72275000,2
2020-11-10,21,1257,74163000,2
2020-11-11,21,1119,66021000,2
2020-11-12,21,1360,80240000,2
2020-11-13,21,1662,98058000,2
2020-11-14,21,2097,123723000,2
2020-11-15,21,1650,97350000,2
2020-11-16,21,2431,143429000,2
2020-11-17,21,1740,102660000,2
2020-11-18,21,1855,109445000,2
2020-11-19,21,1967,116053000,2
2020-11-20,21,1610,94990000,2
2020-11-21,21,2013,118767000,2
2020-11-22,21,2464,145376000,2
2020-11-23,21,1485,87615000,2
2020-11-24,21,1898,111982000,2
2020-11-25,21,2079,122661000,2
2020-11-26,21,1258,74222000,2
2020-11-27,21,2390,141010000,2
2020-11-28,21,1343,79237000,2
2020-11-29,21,1884,111156000,2
2020-11-30,21,1311,77349000,2
2020-12-01,21,2453,144727000,2
2020-12-02,21,1730,102070000,2
2020-12-03,21,1606,94754000,2
2020-12-04,21,1132,66788000,2
2020-12-05,21,1592,93928000,2
2020-12-06,21,2223,131157000,2
2020-12-07,21,1080,63720000,2
2020-12-08,21,2040,120360000,2
2020-12-09,21,2149,126791000,2
2020-12-10,21,1522,89798000,2
2020-12-11,21,2338,137942000,2
2020-12-12,21,2232,131688000,2
2020-12-13,21,1345,79355000,2
2020-12-14,21,1188,70092000,2
2020-12-15,21,1613,95167000,2
2020-12-16,21,1757,103663000,2
2020-12-17,21,1518,89562000,2
2020-12-18,21,1190,70210000,2
2020-12-19,21,1618,95462000,2
2020-12-20,21,2169,127971000,2
2020-12-21,21,2414,142426000,2
2020-12-22,21,1787,105433000,2
2020-12-23,21,1752,103368000,2
2020-12-24,21,2106,124254000,2
2020-12-25,21,1264,74576000,2
2020-12-26,21,2078,122602000,2
2020-12-27,21,2424,143016000,2
2020-12-28,21,1935,114165000,2
2020-12-29,21,2369,139771000,2
2020-12-30,21,2056,121304000,2
2020-12-31,21,1269,74871000,2
2021-01-01,21,2166,127794000,2
2021-01-02,21,1149,67791000,2
2021-01-03,21,1618,95462000,2
2021-01-04,21,1830,107970000,2
2021-01-05,21,1470,86730000,2
2021-01-06,21,2080,122720000,2
2021-01-07,21,1536,90624000,2
2021-01-08,21,1267,74753000,2
2021-01-09,21,1544,91096000,2
2021-01-10,21,1673,98707000,2
2021-01-11,21,1688,99592000,2
2021-01-12,21,2119,125021000,2
2021-01-13,21,1179,69561000,2
2021-01-14,21,1296,76464000,2
2021-01-15,21,1202,70918000,2
2021-01-16,21,2416,142544000,2
2021-01-17,21,2072,122248000,2
2021-01-18,21,2025,119475000,2
2021-01-19,21,1290,76110000,2
2021-01-20,21,1365,80535000,2
2021-01-21,21,1596,94164000,2
2021-01-22,21,2032,119888000,2
2021-01-23,21,1899,112041000,2
2021-01-24,21,1749,103191000,2
2021-01-25,21,2364,139476000,2
2021-01-26,21,1884,111156000,2
2021-01-27,21,2378,140302000,2
2021-01-28,21,1874,110566000,2
2021-01-29,21,1081,63779000,2
2021-01-30,21,1742,102778000,2
2021-01-31,21,1787,105433000,2
2021-02-01,21,1420,83780000,2
2021-02-02,21,1859,109681000,2
2021-02-03,21,1692,99828000,2
2021-02-04,21,2101,123959000,2
2021-02-05,21,2425,143075000,2
2021-02-06,21,2028,119652000,2
2021-02-07,21,1102,65018000,2
2021-02-08,21,2176,128384000,2
2021-02-09,21,1341,79119000,2
2021-02-10,21,1413,83367000,2
2021-02-11,21,1026,60534000,2
2021-02-12,21,1653,97527000,2
2021-02-13,21,1551,91509000,2
2021-02-14,21,1523,89857000,2
2021-02-15,21,1305,76995000,2
2021-02-16,21,1075,63425000,2
2021-02-17,21,1820,107380000,2
2021-02-18,21,2404,141836000,2
2021-02-19,21,1426,84134000,2
2021-02-20,21,1744,102896000,2
2021-02-21,21,1976,116584000,2
2021-02-22,21,2317,136703000,2
2021-02-23,21,1816,107144000,2
2021-02-24,21,1963,115817000,2
2021-02-25,21,1223,72157000,2
2021-02-26,21,1595,94105000,2
2021-02-27,21,1831,108029000,2
2021-02-28,21,2329,137411000,2
2021-03-01,21,1899,112041000,2
2021-03-02,21,2137,126083000,2
2021-03-03,21,1190,70210000,2
2021-03-04,21,1429,84311000,2
2021-03-05,21,1654,97586000,2
2021-03-06,21,2373,140007000,2
2021-03-07,21,1858,109622000,2
2021-03-08,21,1001,59059000,2
2021-03-09,21,2029,119711000,2
2021-03-10,21,1579,93161000,2
2021-03-11,21,1534,90506000,2
2021-03-12,21,1546,91214000,2
2021-03-13,21,2166,127794000,2
2021-03-14,21,1364,80476000,2
2021-03-15,21,1915,112985000,2
2021-03-16,21,2036,120124000,2
2021-03-17,21,2332,137588000,2
2021-03-18,21,1758,103722000,2
2021-03-19,21,2235,131865000,2
2021-03-20,21,2338,137942000,2
2021-03-21,21,1868,110212000,2
2021-03-22,21,1250,73750000,2
2021-03-23,21,1862,109858000,2
2021-03-24,21,2377,140243000,2
2021-03-25,21,2138,126142000,2
2021-03-26,21,1807,106613000,2
2021-03-27,21,1914,112926000,2
2021-03-28,21,1908,112572000,2
2021-03-29,21,1625,95875000,2
2021-03-30,21,2077,122543000,2
2021-03-31,21,1847,108973000,2
2021-04-01,21,1240,73160000,2
2021-04-02,21,1784,105256000,2
2021-04-03,21,1854,109386000,2
2021-04-04,21,2484,146556000,2
2021-04-05,21,2165,127735000,2
2021-04-06,21,2440,143960000,2
2021-04-07,21,1356,80004000,2
2021-04-08,21,1769,104371000,2
2021-04-09,21,2151,126909000,2
2021-04-10,21,1503,88677000,2
2021-04-11,21,2344,138296000,2
2021-04-12,21,1443,85137000,2
2021-04-13,21,1680,99120000,2
2021-04-14,21,2207,130213000,2
2021-04-15,21,2253,132927000,2
2021-04-16,21,2200,129800000,2
2021-04-17,21,1164,68676000,2
2021-04-18,21,1770,104430000,2
2021-04-19,21,1752,103368000,2
2021-04-20,21,1329,78411000,2
2021-04-21,21,1228,72452000,2
2021-04-22,21,2143,126437000,2
2021-04-23,21,1364,80476000,2
2021-04-24,21,1214,71626000,2
2021-04-25,21,1437,84783000,2
2021-04-26,21,2115,124785000,2
2021-04-27,21,1412,83308000,2
2021-04-28,21,2174,128266000,2
2021-04-29,21,1595,94105000,2
2021-04-30,21,1561,92099000,2
2021-05-01,21,1762,103958000,2
2021-05-02,21,1404,82836000,2
2021-05-03,21,2146,126614000,2
2021-05-04,21,1469,86671000,2
2021-05-05,21,1961,115699000,2
2021-05-06,21,1055,62245000,2
2021-05-07,21,1462,86258000,2
2021-05-08,21,1192,70328000,2
2021-05-09,21,1326,78234000,2
2021-05-10,21,2155,127145000,2
2021-05-11,21,1926,113634000,2
2021-05-12,21,2391,141069000,2
2021-05-13,21,1094,64546000,2
2021-05-14,21,2381,140479000,2
2021-05-15,21,2486,146674000,2
2021-05-16,21,2196,129564000,2
2021-05-17,21,1786,105374000,2
2021-05-18,21,2171,128089000,2
2021-05-19,21,1098,64782000,2
2021-05-20,21,2193,129387000,2
2021-05-21,21,1533,90447000,2
2021-05-22,21,1692,99828000,2
2021-05-23,21,2354,138886000,2
2021-05-24,21,2069,122071000,2
2021-05-25,21,1179,69561000,2
2021-05-26,21,1303,76877000,2
2021-05-27,21,1112,65608000,2
2021-05-28,21,1364,80476000,2
2021-05-29,21,2111,124549000,2
2021-05-30,21,2454,144786000,2
2021-05-31,21,1203,70977000,2
2021-06-01,21,1946,114814000,2
2021-06-02,21,1884,111156000,2
2021-06-03,21,2186,128974000,2
2021-06-04,21,2229,131511000,2
2021-06-05,21,1356,80004000,2
2021-06-06,21,2061,121599000,2
2021-06-07,21,2248,132632000,2
2021-06-08,21,1720,101480000,2
2021-06-09,21,2181,128679000,2
2021-06-10,21,1636,96524000,2
2021-06-11,21,1930,113870000,2
2021-06-12,21,1237,72983000,2
2021-06-13,21,1418,83662000,2
2021-06-14,21,1755,103545000,2
2021-06-15,21,1487,87733000,2
2021-06-16,21,1283,75697000,2
2021-06-17,21,2186,128974000,2
2021-06-18,21,1969,116171000,2
2021-06-19,21,2440,143960000,2
2021-06-20,21,2199,129741000,2
2021-06-21,21,1523,89857000,2
2021-06-22,21,1096,64664000,2
2021-06-23,21,1879,110861000,2
2021-06-24,21,2415,142485000,2
2021-06-25,21,2111,124549000,2
2021-06-26,21,1900,112100000,2
2021-06-27,21,1086,64074000,2
2021-06-28,21,2234,131806000,2
2021-06-29,21,1171,69089000,2
2021-06-30,21,2086,123074000,2
2021-07-01,21,1726,101834000,2
2021-07-02,21,1020,60180000,2
2021-07-03,21,1901,112159000,2
2021-07-04,21,1086,64074000,2
2021-07-05,21,1087,64133000,2
2021-07-06,21,1448,85432000,2
2021-07-07,21,1918,113162000,2
2021-07-08,21,1455,85845000,2
2021-07-09,21,1731,102129000,2
2021-07-10,21,2346,138414000,2
2021-07-11,21,2274,134166000,2
2021-07-12,21,1961,115699000,2
2021-07-13,21,1721,101539000,2
2021-07-14,21,1540,90860000,2
2021-07-15,21,1615,95285000,2
2021-07-16,21,1072,63248000,2
2021-07-17,21,1873,110507000,2
2021-07-18,21,2227,131393000,2
2021-07-19,21,2338,137942000,2
2021-07-20,21,2303,135877000,2
2021-07-21,21,1807,106613000,2
2021-07-22,21,1965,115935000,2
2021-07-23,21,1674,98766000,2
2021-07-24,21,1362,80358000,2
2021-07-25,21,2054,121186000,2
2021-07-26,21,2110,124490000,2
2021-07-27,21,2497,147323000,2
2021-07-28,21,1425,84075000,2
2021-07-29,21,2295,135405000,2
2021-07-30,21,1893,111687000,2
2021-07-31,21,2246,132514000,2
2021-08-01,21,1184,69856000,2
2021-08-02,21,2487,146733000,2
2021-08-03,21,1376,81184000,2
2021-08-04,21,2291,135169000,2
2021-08-05,21,1905,112395000,2
2021-08-06,21,1183,69797000,2
2021-08-07,21,1406,82954000,2
2021-08-08,21,1457,85963000,2
2021-08-09,21,1353,79827000,2
2021-08-10,21,1547,91273000,2
2021-08-11,21,2089,123251000,2
2021-08-12,21,2110,124490000,2
2021-08-13,21,1808,106672000,2
2021-08-14,21,1303,76877000,2
2021-08-15,21,2464,145376000,2
2021-08-16,21,2113,124667000,2
2021-08-17,21,1001,59059000,2
2021-08-18,21,1818,107262000,2
2021-08-19,21,2133,125847000,2
2021-08-20,21,1308,77172000,2
2021-08-21,21,1912,112808000,2
2021-08-22,21,2304,135936000,2
2021-08-23,21,1348,79532000,2
2021-08-24,21,1589,93751000,2
2021-08-25,21,1793,105787000,2
2021-08-26,21,1367,80653000,2
2021-08-27,21,1464,86376000,2
2021-08-28,21,1910,112690000,2
2021-08-29,21,1318,77762000,2
2021-08-30,21,1946,114814000,2
2021-08-31,21,2233,131747000,2
2021-09-01,21,2231,131629000,2
2021-09-02,21,2368,139712000,2
2021-09-03,21,1582,93338000,2
2021-09-04,21,2337,137883000,2
2021-09-05,21,1595,94105000,2
2021-09-06,21,1508,88972000,2
2021-09-07,21,1989,117351000,2
2021-09-08,21,1576,92984000,2
2021-09-09,21,1673,98707000,2
2021-09-10,21,1293,76287000,2
2021-09-11,21,1933,114047000,2
2021-09-12,21,1164,68676000,2
2021-09-13,21,1950,115050000,2
2021-09-14,21,2046,120714000,2
2021-09-15,21,1024,60416000,2
2021-09-16,21,1029,60711000,2
2021-09-17,21,1546,91214000,2
2021-09-18,21,1212,71508000,2
2021-09-19,21,1431,84429000,2
2021-09-20,21,1568,92512000,2
2021-09-21,21,2377,140243000,2
2021-09-22,21,1410,83190000,2
2021-09-23,21,2405,141895000,2
2021-09-24,21,1711,100949000,2
2021-09-25,21,1631,96229000,2
2021-09-26,21,1889,111451000,2
2021-09-27,21,1779,104961000,2
2021-09-28,21,1106,65254000,2
2021-09-29,21,1243,73337000,2
2021-09-30,21,1276,75284000,2
2021-10-01,21,1266,74694000,2
2021-10-02,21,1330,78470000,2
2021-10-03,21,1142,67378000,2
2021-10-04,21,1372,80948000,2
2021-10-05,21,1073,63307000,2
2021-10-06,21,1008,59472000,2
2021-10-07,21,1411,83249000,2
2021-10-08,21,1263,74517000,2
2021-10-09,21,2473,145907000,2
2021-10-10,21,1317,77703000,2
2021-10-11,21,2116,124844000,2
2021-10-12,21,2056,121304000,2
2021-10-13,21,1070,63130000,2
2021-10-14,21,1770,104430000,2
2021-10-15,21,1515,89385000,2
2021-10-16,21,1537,90683000,2
2021-10-17,21,1488,87792000,2
2021-10-18,21,1012,59708000,2
2021-10-19,21,2433,143547000,2
2021-10-20,21,1755,103545000,2
2021-10-21,21,1391,82069000,2
2021-10-22,21,2424,143016000,2
2021-10-23,21,2186,128974000,2
2021-10-24,21,1719,101421000,2
2021-10-25,21,1881,110979000,2
2021-10-26,21,1938,114342000,2
2021-10-27,21,2219,130921000,2
2021-10-28,21,2460,145140000,2
2021-10-29,21,1332,78588000,2
2021-10-30,21,1715,101185000,2
2021-10-31,21,1129,66611000,2
2021-11-01,21,2373,140007000,2
2021-11-02,21,2304,135936000,2
2021-11-03,21,2416,142544000,2
2021-11-04,21,2183,128797000,2
2021-11-05,21,1095,64605000,2
2021-11-06,21,2112,124608000,2
2021-11-07,21,1872,110448000,2
2021-11-08,21,1552,91568000,2
2021-11-09,21,1969,116171000,2
2021-11-10,21,2230,131570000,2
2021-11-11,21,2178,128502000,2
2021-11-12,21,1273,75107000,2
2021-11-13,21,1576,92984000,2
2021-11-14,21,1472,86848000,2
2021-11-15,21,1084,63956000,2
2021-11-16,21,1733,102247000,2
2021-11-17,21,1342,79178000,2
2021-11-18,21,2433,143547000,2
2021-11-19,21,1300,76700000,2
2021-11-20,21,1502,88618000,2
2021-11-21,21,2001,118059000,2
2021-11-22,21,1645,97055000,2
2021-11-23,21,2380,140420000,2
2021-11-24,21,1341,79119000,2
2021-11-25,21,1948,114932000,2
2021-11-26,21,2193,129387000,2
2021-11-27,21,1751,103309000,2
2021-11-28,21,1456,85904000,2
2021-11-29,21,1712,101008000,2
2021-11-30,21,2300,135700000,2
2021-12-01,21,1777,104843000,2
2021-12-02,21,2271,133989000,2
2021-12-03,21,1746,103014000,2
2021-12-04,21,1238,73042000,2
2021-12-05,21,2146,126614000,2
2021-12-06,21,1732,102188000,2
2021-12-07,21,1856,109504000,2
2021-12-08,21,2357,139063000,2
2021-12-09,21,2459,145081000,2
2021-12-10,21,1516,89444000,2
2021-12-11,21,2080,122720000,2
2021-12-12,21,1740,102660000,2
2021-12-13,21,1199,70741000,2
2021-12-14,21,2057,121363000,2
2021-12-15,21,1958,115522000,2
2021-12-16,21,1919,113221000,2
2021-12-17,21,1975,116525000,2
2021-12-18,21,2453,144727000,2
2021-12-19,21,2480,146320000,2
2021-12-20,21,1791,105669000,2
2021-12-21,21,2101,123959000,2
2021-12-22,21,1444,85196000,2
2021-12-23,21,1477,87143000,2
2021-12-24,21,1249,73691000,2
2021-12-25,21,1811,106849000,2
2021-12-26,21,1763,104017000,2
2021-12-27,21,2227,131393000,2
2021-12-28,21,2354,138886000,2
2021-12-29,21,2008,118472000,2
2021-12-30,21,1270,74930000,2
2021-12-31,21,1739,102601000,2
