-- phpMyAdmin SQL Dump
-- version 5.2.0
-- https://www.phpmyadmin.net/
--
-- Host: 127.0.0.1
-- Waktu pembuatan: 01 Des 2022 pada 12.43
-- Versi server: 10.4.25-MariaDB
-- Versi PHP: 8.1.10

SET SQL_MODE = "NO_AUTO_VALUE_ON_ZERO";
START TRANSACTION;
SET time_zone = "+00:00";


/*!40101 SET @OLD_CHARACTER_SET_CLIENT=@@CHARACTER_SET_CLIENT */;
/*!40101 SET @OLD_CHARACTER_SET_RESULTS=@@CHARACTER_SET_RESULTS */;
/*!40101 SET @OLD_COLLATION_CONNECTION=@@COLLATION_CONNECTION */;
/*!40101 SET NAMES utf8mb4 */;

--
-- Database: `fishernet`
--

-- --------------------------------------------------------

--
-- Struktur dari tabel `jenis_ikan`
--

CREATE TABLE `jenis_ikan` (
  `id` int(11) NOT NULL,
  `nama_ikan` varchar(50) NOT NULL,
  `harga` int(50) NOT NULL,
  `deskripsi` text NOT NULL,
  `foto` varchar(255) NOT NULL
) ENGINE=InnoDB DEFAULT CHARSET=utf8mb4;

--
-- Dumping data untuk tabel `jenis_ikan`
--

INSERT INTO `jenis_ikan` (`id`, `nama_ikan`, `harga`, `deskripsi`, `foto`) VALUES
(1, 'Alu-Alu', 25000, 'Barakuda adalah ikan dalam kelas Actinopterygii yang dikenal berwujud menyeramkan dan berukuran tubuh besar, yaitu sampai panjang enam kaki dan lebar satu kaki. Tubuhnya panjang dan ditutupi oleh sisik yang halus. Ikan ini dapat ditemukan di samudra tropis dan subtropis di seluruh dunia. Barakuda adalah anggota genus Sphyraena, satu-satunya genus dalam familia Sphyraenidae.', 'salmon-raksasa-_130426073921-783.jpg'),
(2, 'Bandeng', 25000, 'Ikan bandeng (Chanos chanos) adalah ikan pangan populer di Asia Tenggara dan Oseania. Ikan ini merupakan satu-satunya spesies yang masih ada dalam suku Chanidae (bersama enam genus tambahan yang dilaporkan pernah ada namun sudah punah). Dalam bahasa Bugis dan Makassar dikenal sebagai ikan bolu, dalam Bahasa Tagalog sebagai bangus, dan dalam bahasa Inggris sebagai milkfish)', 'Python.png'),
(3, 'Bawal', 20000, 'Bawal Laut (bahasa Inggris: Pomfret) adalah sejenis ikan dari keluarga Bramidae. Ikan ini berasal dari Hawaii dan sejumlah daerah di Indonesia. Ikan ini hidup berkoloni dan termasuk jenis ikan predator. Ikan ini jauh berbeda dengan ikan Bawal Air Tawar atau Pacu (Colossoma macropomum) yang termasuk kedalam famili Serrasalmidae.', 'Oreo_nilo_071011-0507_F_jtg.jpg'),
(21, 'Beloso', 59000, 'Ikan Gabus adalah sejenis ikan predator yang hidup di air tawar. Ikan ini dikenal dengan banyak nama di berbagai daerah: dolak Kapuas Hulu, Kalbar, bocek dari riau, aruan, haruan (Mly.,Bjn), gabus (Btw.), bogo (Sd.), bayong, bogo, licingan (Bms.), kutuk (Jw.), kabos (Mhs.),gabos (Plbg.), rutiang (min), haruti atau la\'edo Nias, dan lain-lain. Dalam bahasa Inggris juga disebut dengan berbagai nama seperti common snakehead, snakehead murrel, chevron snakehead, striped snakehead dan juga aruan. Nama ilmiahnya adalah Channa striata (Bloch, 1793).', ''),
(22, 'Cakalang', 28000, 'Ikan Cakalang (Katsuwonus pelamis) adalah ikan berukuran sedang dari familia Scombridae (tuna). Satu-satunya spesies dari genus Katsuwonus. Cakalang terbesar, panjang tubuhnya bisa mencapai 1 m dengan berat lebih dari 18 kg. Cakalang yang banyak tertangkap berukuran panjang sekitar 50 cm. Nama-nama lainnya di antaranya cakalan, cakang, kausa, kambojo, karamojo, turingan, dan ada pula yang menyebutnya tongkol. Dalam bahasa Inggris dikenal sebagai skipjack tuna.', ''),
(23, 'Cumi-Cumi', 61500, 'Cumi-cumi adalah kelompok hewan sefalopoda besar atau jenis moluska yang hidup di laut. Nama \"Sefalopoda\" dalam bahasa Yunani berarti \"kaki kepala\", hal ini karena kakinya yang terpisah menjadi sejumlah tangan yang melingkari kepala. Seperti semua sefalopoda, cumi-cumi dipisahkan dengan memiliki kepala yang berbeda. Akson besar cumi-cumi ini memiliki diameter 1 mm. Cumi-cumi banyak digunakan sebagai makanan.', ''),
(24, 'Ekor Kuning', 25000, 'Ikan Ekor Kuning (Caesionidae) adalah Ikan laut yang hidup di perairan Indo-Pasifik. Ikan ini disebut fusilier, suli, sulih, suliri, sunin. Warna umumnya biru, kuning pada bagian belakangnya dan perak. Jenis ini dikenal sebagai perenang cepat dan termasuk ikan diurnal. Ikan ini sering ditemukan di luar karang (tubir karang). Makanannya adalah zooplankton.', ''),
(25, 'Gabus', 16500, 'Ikan Gabus adalah sejenis ikan predator yang hidup di air tawar. Ikan ini dikenal dengan banyak nama di berbagai daerah: dolak Kapuas Hulu, Kalbar, bocek dari riau, aruan, haruan (Mly.,Bjn), gabus (Btw.), bogo (Sd.), bayong, bogo, licingan (Bms.), kutuk (Jw.), kabos (Mhs.),gabos (Plbg.), rutiang (min), haruti atau la\'edo Nias, dan lain-lain. Dalam bahasa Inggris juga disebut dengan berbagai nama seperti common snakehead, snakehead murrel, chevron snakehead, striped snakehead dan juga aruan. Nama ilmiahnya adalah Channa striata (Bloch, 1793).', ''),
(26, 'Gindara', 14000, 'Gindara, Lepidocybium flavobrunneum, adalah sebuah spesies ikan dalam famili Gempylidae, yang dapat ditemukan di kedalaman (200–885 meter (656–2.904 ft)) perairan tropis dan subtropis di seluruh dunia. Ikan ini juga dikenal sebagai makarel ular, walu walu (Hawaii: waloo).', ''),
(27, 'Golok-Golok', 10000, 'Ikan mola-mola (disebut pula ikan matahari) adalah semua ikan yang termasuk dalam genus Mola (keluarga Molidae). Ikan ini memiliki bentuk yang tampak buntung dan berbentuk seperti peluru karena sirip belakangnya yang tidak pernah berkembang. Seiring bertambahnya usia ikan, sirip tersebut justru melipat dan membentuk bagian bulat bernama clavus. Mola dalam bahasa Latin berarti \"batu kilangan\", yang mendeskripsikan bentuk ikan ini. Ikan dalam genus ini berwarna perak dan memiliki tekstur kulit yang kasar.', ''),
(28, 'Gulamah', 10000, 'Gulama (bahasa Kannada: ಗುಲಾಮ) adalah sebuah film drama India-Karnataka dirilis pada tahun 2009. Film yang disutradarai oleh Tushar Ranganath ini pemainnya antara lain adalah Prajwal Devraj, Sonu, dan Biyanka Desai', ''),
(29, 'Gurami', 45000, 'Ikan Gurami (Osphronemus gouramy) adalah sejenis ikan air tawar yang populer sebagai ikan konsumsi di Asia Tenggara dan Asia Selatan. Di samping itu, gurami juga sering dipelihara dalam akuarium. Selain dikenal dengan nama gurami, ikan ini juga memiliki beberapa sebutan lokal seperti gurame (Sd.); grameh (Jw.); kaloi (My.); Kalui (Mng.); ikan kali (Plg.), dan lain-lain.', ''),
(30, 'Hiu', 14500, 'Ikan Hiu atau Cucut adalah sekelompok (superordo Selachimorpha) ikan dengan kerangka tulang rawan yang lengkap  dan tubuh yang ramping. Mereka bernapas dengan menggunakan lima liang insang (kadang-kadang enam atau tujuh, tergantung pada spesiesnya) di samping, atau dimulai sedikit di belakang, kepalanya. Hiu mempunyai tubuh yang dilapisi kulit dermal denticles untuk melindungi kulit mereka dari kerusakan, dari parasit, dan untuk menambah dinamika air. Mereka mempunyai beberapa deret gigi yang dapat digantikan.', ''),
(31, 'Kakap', 35000, 'Kakap adalah keluarga ikan laut dasaran (demersal) yang hidup secara berkelompok di dasar-dasar karang atau terumbu karang. Kakap termasuk famili Lutjanidae. Mempunyai ciri tubuh yang bulat pipih dengan sirip memanjang sepanjang punggung. Jenis ikan kakap yang banyak ditemui di Indonesia adalah jenis kakap merah (L. campechanus). Beberapa jenis yang lain yang juga banyak ditemui adalah kakap kuning, kakap hitam dan lain-lain.', ''),
(32, 'Kembung', 19000, 'Kembung adalah nama sekelompok ikan laut yang tergolong ke dalam genus Rastrelliger, famili Scombridae. Meskipun bertubuh kecil, ikan ini masih sekerabat dengan tenggiri, tongkol, tuna, madidihang, dan makerel. Di Sumatra Barat dikenal sebagai ikan Gembolo/gambolo. Di Ambon, ikan ini dikenal dengan nama lema atau tatare, di Makassar disebut banyar atau banyara. Dari sini didapat sebutan kembung banjar.', ''),
(33, 'Kerapu', 61000, 'Dalam bahasa Inggris, \"kerapu\" disebut grouper atau groper, yang dipercaya berasal dari nama garoupa, yang diperkirakan dari bahasa Portugis. Ada yang mengatakan bahwa nama Portugis ini berasal dari salah satu bahasa asli Amerika Selatan.', ''),
(34, 'Kurisi', 30000, 'Kerisi (Pristipomoides filamentosus) adalah ikan dasaran yang menghuni dasar perairan tropis Indo-Pasifik. Ikan ini masih satu suku dengan kakap dan merupakan ikan pancing yang umum ditangkap.\r\n\r\n', ''),
(35, 'Kuro', 11000, 'Kuro (atau kurau) adalah nama umum bagi sekelompok ikan laut yang tergolong ke dalam famili Polynemidae. Menyebar di perairan tropis hingga ugahari, umumnya ikan-ikan ini berwarna keperakan dan biasa hidup bergerombol. Jenis-jenis kuro bisa ditemukan pada saat air pasang tetapi tidak terlalu tinggi, dan biasanya pada kondisi air yang lumayan jernih.', ''),
(36, 'Kuwe', 37000, 'Kuwe gerong atau belitong (Charanx ignobilis) adalah ikan tangkapan umum di kawasan tropis Indo-Pasifik. Dalam bahasa Inggris dikenal sebagai giant trevally atau GT (dibaca jiti). Ikan ini mudah sekali dikenali dari dahinya yang tampak besar dengan warna tubuh keperakan semburat kuning.\r\n\r\n', ''),
(37, 'Layang', 14500, 'Layang adalah nama sejenis ikan yang termasuk genus Decapterus, famili Carangidae. Ikan-ikan berukuran kecil hingga sedang ini merupakan ikan konsumsi yang cukup penting, dipasarkan dalam keadaan segar atau diolah sebagai ikan pindang, ikan asin, dan lain-lain.', ''),
(38, 'Layur', 21000, 'Layur (Trichiurus lepturus) adalah ikan perairan laut yang mudah dikenal dari bentuknya yang panjang dan ramping. Ikan ini tersebar di perairan tropika maupun sedang. Jenis yang ditemukan di Samudera Pasifik dan Samudera Atlantik diketahui merupakan populasi yang berbeda.', ''),
(39, 'Lele', 22000, 'Lele atau ikan keli, adalah suatu keluarga ikan yang hidup di air tawar. Lele mudah dikenali karena tubuhnya yang licin, agak pipih memanjang, serta memiliki \"kumis\" yang panjang, yang mencuat dari sekitar bagian mulutnya. Ikan ini banyak dikonsumsi karena rasanya yang enak jika di masak dan biasanya di goreng atau dibakar.', ''),
(40, 'Lemuru', 10000, 'Lemuru (Sardinella lemuru) adalah spesies ikan Actinopterygii dalam genus Sardinella. Di perairan Indonesia ikan ini banyak terdapat di perairan Selat Bali, ikan ini banyak sebutannya seperti, jika badannya masih kecil disebut semenit atau sempenit, Jika beranjak dewasa dan panjang badannya sekitar 12 cm dijuluki protolan. Ketika badannya mencapai 15 cm disebut lemuru. Tapi kalau ukurannya lebih besar lagi disebut lemuru kucing. Tapi ada juga di daerah lain di Bali seperti di Perairan Jimbaran, ikan lemuru ini disebut ikan kucing tanpa mempedulikan ukurannya', ''),
(41, 'Lencam', 20000, 'Ikan Lencam ( Lethrinidae ) adalah Ikan laut yang termasuk dalam famili Lethrinidae yang dikenal dengan sebutan ikan emperor. Ikan ini merupakan kelompok ikan target nelayan yang dimanfaatkan sebagai ikan konsumsi.', ''),
(42, 'Manyung', 16000, 'Ikan manyung adalah ikan laut yang biasa ditangkap dan diolah sebagai ikan asin khas dari Pangandaran yang disebut jambal roti. Ikan ini adalah anggota bangsa ikan berkumis (Siluriformes), famili Ariidae.', ''),
(43, 'Marlin', 25000, 'ayaran adalah dua jenis ikan di dalam genus Istiophorus yang tinggal di perairan hangat samudra-samudra dunia. Kebanyakan berwarna biru keabu-abuan dan memiliki sirip punggung tegak yang mirip dengan layar kapal. Ciri penting lainnya adalah moncong yang memanjang, menyerupai moncong ikan todak. Ikan ini adalah ikan tercepat, bisa berenang hingga kecepatan 110 kilometer per jam', ''),
(44, 'Nila', 26000, 'Ikan nila adalah sejenis ikan konsumsi air tawar. Ikan ini diintroduksi dari Afrika, tepatnya Afrika bagian timur, pada tahun 1969, dan kini menjadi ikan peliharaan yang populer di kolam-kolam air tawar di Indonesia sekaligus hama di setiap sungai dan danau Indonesia. Nama ilmiahnya adalah Oreochromis niloticus, dan dalam bahasa Inggris dikenal sebagai Nile Tilapia.', ''),
(45, 'Pari', 10000, 'Ikan pari atau ikan peh adalah jenis ikan laut yang memiliki 560 spesies dan tergolong dalam 13 famili.', ''),
(46, 'Pedang', 23000, 'Todak (Xiphias gladius) adalah sejenis ikan laut yang rahang atas dan moncongnya memanjang berbentuk seperti pedang pipih dan kuat, berukuran hampir sepertiga panjang badan ikan tersebut. Tubuh ikan todak panjang membulat dapat mencapai 2 - 4,6 m dan dapat berbobot hingga 650 kg. Kulitnya licin tidak bersisik, bagian atas tubuhnya berwarna keunguan atau kebiruan dan bagian bawah tubuhnya keperakan. Banyak terdapat di perairan tropis dan perairan iklim sedang', ''),
(47, 'Peperek', 10000, 'Peperek,pepetek, atau petek adalah nama umum bagi jenis-jenis ikan yang tergolong dalam suku Leiognathidae. Ikan-ikan ini umumnya bertubuh kecil, pipih tegak, dan berwarna keperak-perakan, serta memiliki mulut yang dapat dijulurkan. Peperek menghuni lautan dan perairan payau di region Indo-Pasifik Barat. Dalam bahasa Inggris, peperek dikenal sebagai ponyfishes, slipmouths atau slimys/slimies.\r\n\r\n', ''),
(48, 'Selar', 13000, 'Selar adalah nama umum bagi beberapa jenis ikan pelagis bertubuh kecil hingga sedang dari famili Carangidae.', '');

-- --------------------------------------------------------

--
-- Struktur dari tabel `pengguna`
--

CREATE TABLE `pengguna` (
  `id` int(11) NOT NULL,
  `nama` varchar(50) NOT NULL,
  `username` varchar(255) NOT NULL,
  `password` varchar(255) NOT NULL,
  `foto` varchar(255) NOT NULL,
  `role` int(11) NOT NULL DEFAULT 2
) ENGINE=InnoDB DEFAULT CHARSET=utf8mb4;

--
-- Dumping data untuk tabel `pengguna`
--

INSERT INTO `pengguna` (`id`, `nama`, `username`, `password`, `foto`, `role`) VALUES
(1, 'risi', 'risi', 'risi123', 'Python.png', 1),
(2, 'agus', 'agus', 'agus123', '', 2);

-- --------------------------------------------------------

--
-- Struktur dari tabel `penjualan`
--

CREATE TABLE `penjualan` (
  `id` int(11) NOT NULL,
  `tanggal` date NOT NULL,
  `id_jenis_ikan` int(50) NOT NULL,
  `jumlah_terjual` int(50) NOT NULL,
  `total_harga` int(50) NOT NULL,
  `id_pengguna` int(11) NOT NULL DEFAULT 2
) ENGINE=InnoDB DEFAULT CHARSET=utf8mb4;

--
-- Dumping data untuk tabel `penjualan`
--

INSERT INTO `penjualan` (`id`, `tanggal`, `id_jenis_ikan`, `jumlah_terjual`, `total_harga`, `id_pengguna`) VALUES
(1, '2020-01-01', 1, 1287, 77220000, 2),
(2, '2020-01-02', 1, 2298, 137880000, 2),
(3, '2020-01-03', 1, 2206, 132360000, 2),
(4, '2020-01-04', 1, 1115, 66900000, 2),
(5, '2020-01-05', 1, 2403, 144180000, 2),
(6, '2020-01-06', 1, 1816, 108960000, 2),
(7, '2020-01-07', 1, 2235, 134100000, 2),
(8, '2020-01-08', 1, 2172, 130320000, 2),
(9, '2020-01-09', 1, 1200, 72000000, 2),
(10, '2020-01-10', 1, 1849, 110940000, 2),
(11, '2020-01-11', 1, 1710, 102600000, 2),
(12, '2020-01-12', 1, 1109, 66540000, 2),
(13, '2020-01-13', 1, 1278, 76680000, 2),
(14, '2020-01-14', 1, 1561, 93660000, 2),
(15, '2020-01-15', 1, 2466, 147960000, 2),
(16, '2020-01-16', 1, 1869, 112140000, 2),
(17, '2020-01-17', 1, 2549, 152940000, 2),
(18, '2020-01-18', 1, 1592, 95520000, 2),
(19, '2020-01-19', 1, 1331, 79860000, 2),
(20, '2020-01-20', 1, 1627, 97620000, 2),
(21, '2020-01-21', 1, 2016, 120960000, 2),
(22, '2020-01-22', 1, 2298, 137880000, 2),
(23, '2020-01-23', 1, 1422, 85320000, 2),
(24, '2020-01-24', 1, 1702, 102120000, 2),
(25, '2020-01-25', 1, 1569, 94140000, 2),
(26, '2020-01-26', 1, 1834, 110040000, 2),
(27, '2020-01-27', 1, 2076, 124560000, 2),
(28, '2020-01-28', 1, 1201, 72060000, 2),
(29, '2020-01-29', 1, 1786, 107160000, 2),
(30, '2020-01-30', 1, 1359, 81540000, 2),
(31, '2020-01-31', 1, 2422, 145320000, 2),
(32, '2020-02-01', 1, 1582, 94920000, 2),
(33, '2020-02-02', 1, 1862, 111720000, 2),
(34, '2020-02-03', 1, 2436, 146160000, 2),
(35, '2020-02-04', 1, 1110, 66600000, 2),
(36, '2020-02-05', 1, 1161, 69660000, 2),
(37, '2020-02-06', 1, 1669, 100140000, 2),
(38, '2020-02-07', 1, 2034, 122040000, 2),
(39, '2020-02-08', 1, 1830, 109800000, 2),
(40, '2020-02-09', 1, 2322, 139320000, 2),
(41, '2020-02-10', 1, 2362, 141720000, 2),
(42, '2020-02-11', 1, 2049, 122940000, 2),
(43, '2020-02-12', 1, 1889, 113340000, 2),
(44, '2020-02-13', 1, 1935, 116100000, 2),
(45, '2020-02-14', 1, 1134, 68040000, 2),
(46, '2020-02-15', 1, 1849, 110940000, 2),
(47, '2020-02-16', 1, 1148, 68880000, 2),
(48, '2020-02-17', 1, 1713, 102780000, 2),
(49, '2020-02-18', 1, 1042, 62520000, 2),
(50, '2020-02-19', 1, 2018, 121080000, 2),
(51, '2020-02-20', 1, 1935, 116100000, 2),
(52, '2020-02-21', 1, 2303, 138180000, 2),
(53, '2020-02-22', 1, 2523, 151380000, 2),
(54, '2020-02-23', 1, 2311, 138660000, 2),
(55, '2020-02-24', 1, 1072, 64320000, 2),
(56, '2020-02-25', 1, 1605, 96300000, 2),
(57, '2020-02-26', 1, 1391, 83460000, 2),
(58, '2020-02-27', 1, 1437, 86220000, 2),
(59, '2020-02-28', 1, 2219, 133140000, 2),
(60, '2020-02-29', 1, 1001, 60060000, 2),
(61, '2020-03-01', 1, 1583, 94980000, 2),
(62, '2020-03-02', 1, 1210, 72600000, 2),
(63, '2020-03-03', 1, 2488, 149280000, 2),
(64, '2020-03-04', 1, 1580, 94800000, 2),
(65, '2020-03-05', 1, 1116, 66960000, 2),
(66, '2020-03-06', 1, 2288, 137280000, 2),
(67, '2020-03-07', 1, 2508, 150480000, 2),
(68, '2020-03-08', 1, 2082, 124920000, 2),
(69, '2020-03-09', 1, 1323, 79380000, 2),
(70, '2020-03-10', 1, 1007, 60420000, 2),
(71, '2020-03-11', 1, 1350, 81000000, 2),
(72, '2020-03-12', 1, 1656, 99360000, 2),
(73, '2020-03-13', 1, 2158, 129480000, 2),
(74, '2020-03-14', 1, 2337, 140220000, 2),
(75, '2020-03-15', 1, 1823, 109380000, 2),
(76, '2020-03-16', 1, 1837, 110220000, 2),
(77, '2020-03-17', 1, 2024, 121440000, 2),
(78, '2020-03-18', 1, 1587, 95220000, 2),
(79, '2020-03-19', 1, 1622, 97320000, 2),
(80, '2020-03-20', 1, 1587, 95220000, 2),
(81, '2020-03-21', 1, 1426, 85560000, 2),
(82, '2020-03-22', 1, 1931, 115860000, 2),
(83, '2020-03-23', 1, 1181, 70860000, 2),
(84, '2020-03-24', 1, 1102, 66120000, 2),
(85, '2020-03-25', 1, 2289, 137340000, 2),
(86, '2020-03-26', 1, 2107, 126420000, 2),
(87, '2020-03-27', 1, 1992, 119520000, 2),
(88, '2020-03-28', 1, 2410, 144600000, 2),
(89, '2020-03-29', 1, 2163, 129780000, 2),
(90, '2020-03-30', 1, 1574, 94440000, 2),
(91, '2020-03-31', 1, 1351, 81060000, 2),
(92, '2020-04-01', 1, 2330, 139800000, 2),
(93, '2020-04-02', 1, 1562, 93720000, 2),
(94, '2020-04-03', 1, 1831, 109860000, 2),
(95, '2020-04-04', 1, 2175, 130500000, 2),
(96, '2020-04-05', 1, 1802, 108120000, 2),
(97, '2020-04-06', 1, 1347, 80820000, 2),
(98, '2020-04-07', 1, 1195, 71700000, 2),
(99, '2020-04-08', 1, 1610, 96600000, 2),
(100, '2020-04-09', 1, 2443, 146580000, 2),
(101, '2020-04-10', 1, 1400, 84000000, 2),
(102, '2020-04-11', 1, 1467, 88020000, 2),
(103, '2020-04-12', 1, 1304, 78240000, 2),
(104, '2020-04-13', 1, 2490, 149400000, 2),
(105, '2020-04-14', 1, 1826, 109560000, 2),
(106, '2020-04-15', 1, 1226, 73560000, 2),
(107, '2020-04-16', 1, 1035, 62100000, 2),
(108, '2020-04-17', 1, 2493, 149580000, 2),
(109, '2020-04-18', 1, 1517, 91020000, 2),
(110, '2020-04-19', 1, 2100, 126000000, 2),
(111, '2020-04-20', 1, 1412, 84720000, 2),
(112, '2020-04-21', 1, 2091, 125460000, 2),
(113, '2020-04-22', 1, 2212, 132720000, 2),
(114, '2020-04-23', 1, 1178, 70680000, 2),
(115, '2020-04-24', 1, 1097, 65820000, 2),
(116, '2020-04-25', 1, 1097, 65820000, 2),
(117, '2020-04-26', 1, 1500, 90000000, 2),
(118, '2020-04-27', 1, 2445, 146700000, 2),
(119, '2020-04-28', 1, 2126, 127560000, 2),
(120, '2020-04-29', 1, 2016, 120960000, 2),
(121, '2020-04-30', 1, 1209, 72540000, 2),
(122, '2020-05-01', 1, 1435, 86100000, 2),
(123, '2020-05-02', 1, 2306, 138360000, 2),
(124, '2020-05-03', 1, 1493, 89580000, 2),
(125, '2020-05-04', 1, 1817, 109020000, 2),
(126, '2020-05-05', 1, 1908, 114480000, 2),
(127, '2020-05-06', 1, 1950, 117000000, 2),
(128, '2020-05-07', 1, 1412, 84720000, 2),
(129, '2020-05-08', 1, 2232, 133920000, 2),
(130, '2020-05-09', 1, 1569, 94140000, 2),
(131, '2020-05-10', 1, 2464, 147840000, 2),
(132, '2020-05-11', 1, 1589, 95340000, 2),
(133, '2020-05-12', 1, 1396, 83760000, 2),
(134, '2020-05-13', 1, 1377, 82620000, 2),
(135, '2020-05-14', 1, 1088, 65280000, 2),
(136, '2020-05-15', 1, 1782, 106920000, 2),
(137, '2020-05-16', 1, 1349, 80940000, 2),
(138, '2020-05-17', 1, 1677, 100620000, 2),
(139, '2020-05-18', 1, 1296, 77760000, 2),
(140, '2020-05-19', 1, 2438, 146280000, 2),
(141, '2020-05-20', 1, 2214, 132840000, 2),
(142, '2020-05-21', 1, 2036, 122160000, 2),
(143, '2020-05-22', 1, 1165, 69900000, 2),
(144, '2020-05-23', 1, 1862, 111720000, 2),
(145, '2020-05-24', 1, 1239, 74340000, 2),
(146, '2020-05-25', 1, 2451, 147060000, 2),
(147, '2020-05-26', 1, 2202, 132120000, 2),
(148, '2020-05-27', 1, 2128, 127680000, 2),
(149, '2020-05-28', 1, 1372, 82320000, 2),
(150, '2020-05-29', 1, 1318, 79080000, 2),
(151, '2020-05-30', 1, 2389, 143340000, 2),
(152, '2020-05-31', 1, 1177, 70620000, 2),
(153, '2020-06-01', 1, 1392, 83520000, 2),
(154, '2020-06-02', 1, 1688, 101280000, 2),
(155, '2020-06-03', 1, 2271, 136260000, 2),
(156, '2020-06-04', 1, 1706, 102360000, 2),
(157, '2020-06-05', 1, 1091, 65460000, 2),
(158, '2020-06-06', 1, 1498, 89880000, 2),
(159, '2020-06-07', 1, 2326, 139560000, 2),
(160, '2020-06-08', 1, 2279, 136740000, 2),
(161, '2020-06-09', 1, 1622, 97320000, 2),
(162, '2020-06-10', 1, 1346, 80760000, 2),
(163, '2020-06-11', 1, 2160, 129600000, 2),
(164, '2020-06-12', 1, 2128, 127680000, 2),
(165, '2020-06-13', 1, 1905, 114300000, 2),
(166, '2020-06-14', 1, 2034, 122040000, 2),
(167, '2020-06-15', 1, 2453, 147180000, 2),
(168, '2020-06-16', 1, 2067, 124020000, 2),
(169, '2020-06-17', 1, 1941, 116460000, 2),
(170, '2020-06-18', 1, 1248, 74880000, 2),
(171, '2020-06-19', 1, 2142, 128520000, 2),
(172, '2020-06-20', 1, 2053, 123180000, 2),
(173, '2020-06-21', 1, 2288, 137280000, 2),
(174, '2020-06-22', 1, 1562, 93720000, 2),
(175, '2020-06-23', 1, 1807, 108420000, 2),
(176, '2020-06-24', 1, 1403, 84180000, 2),
(177, '2020-06-25', 1, 1468, 88080000, 2),
(178, '2020-06-26', 1, 2341, 140460000, 2),
(179, '2020-06-27', 1, 2315, 138900000, 2),
(180, '2020-06-28', 1, 1883, 112980000, 2),
(181, '2020-06-29', 1, 1188, 71280000, 2),
(182, '2020-06-30', 1, 2253, 135180000, 2),
(183, '2020-07-01', 1, 2329, 139740000, 2),
(184, '2020-07-02', 1, 1833, 109980000, 2),
(185, '2020-07-03', 1, 1000, 60000000, 2),
(186, '2020-07-04', 1, 1221, 73260000, 2),
(187, '2020-07-05', 1, 1306, 78360000, 2),
(188, '2020-07-06', 1, 2257, 135420000, 2),
(189, '2020-07-07', 1, 1920, 115200000, 2),
(190, '2020-07-08', 1, 1630, 97800000, 2),
(191, '2020-07-09', 1, 1231, 73860000, 2),
(192, '2020-07-10', 1, 1797, 107820000, 2),
(193, '2020-07-11', 1, 1528, 91680000, 2),
(194, '2020-07-12', 1, 1237, 74220000, 2),
(195, '2020-07-13', 1, 1054, 63240000, 2),
(196, '2020-07-14', 1, 1598, 95880000, 2),
(197, '2020-07-15', 1, 1860, 111600000, 2),
(198, '2020-07-16', 1, 2169, 130140000, 2),
(199, '2020-07-17', 1, 2162, 129720000, 2),
(200, '2020-07-18', 1, 1971, 118260000, 2),
(201, '2020-07-19', 1, 2537, 152220000, 2),
(202, '2020-07-20', 1, 1849, 110940000, 2),
(203, '2020-07-21', 1, 1583, 94980000, 2),
(204, '2020-07-22', 1, 2533, 151980000, 2),
(205, '2020-07-23', 1, 2420, 145200000, 2),
(206, '2020-07-24', 1, 2169, 130140000, 2),
(207, '2020-07-25', 1, 2106, 126360000, 2),
(208, '2020-07-26', 1, 2512, 150720000, 2),
(209, '2020-07-27', 1, 1161, 69660000, 2),
(210, '2020-07-28', 1, 1990, 119400000, 2),
(211, '2020-07-29', 1, 2175, 130500000, 2),
(212, '2020-07-30', 1, 2175, 130500000, 2),
(213, '2020-07-31', 1, 2140, 128400000, 2),
(214, '2020-08-01', 1, 2210, 132600000, 2),
(215, '2020-08-02', 1, 2595, 155700000, 2),
(216, '2020-08-03', 1, 1035, 62100000, 2),
(217, '2020-08-04', 1, 1637, 98220000, 2),
(218, '2020-08-05', 1, 2303, 138180000, 2),
(219, '2020-08-06', 1, 1655, 99300000, 2),
(220, '2020-08-07', 1, 2492, 149520000, 2),
(221, '2020-08-08', 1, 1767, 106020000, 2),
(222, '2020-08-09', 1, 1104, 66240000, 2),
(223, '2020-08-10', 1, 1369, 82140000, 2),
(224, '2020-08-11', 1, 2120, 127200000, 2),
(225, '2020-08-12', 1, 1712, 102720000, 2),
(226, '2020-08-13', 1, 1178, 70680000, 2),
(227, '2020-08-14', 1, 2174, 130440000, 2),
(228, '2020-08-15', 1, 2153, 129180000, 2),
(229, '2020-08-16', 1, 2569, 154140000, 2),
(230, '2020-08-17', 1, 2049, 122940000, 2),
(231, '2020-08-18', 1, 1060, 63600000, 2),
(232, '2020-08-19', 1, 1550, 93000000, 2),
(233, '2020-08-20', 1, 1479, 88740000, 2),
(234, '2020-08-21', 1, 2292, 137520000, 2),
(235, '2020-08-22', 1, 2023, 121380000, 2),
(236, '2020-08-23', 1, 2066, 123960000, 2),
(237, '2020-08-24', 1, 1941, 116460000, 2),
(238, '2020-08-25', 1, 2069, 124140000, 2),
(239, '2020-08-26', 1, 1440, 86400000, 2),
(240, '2020-08-27', 1, 1701, 102060000, 2),
(241, '2020-08-28', 1, 2075, 124500000, 2),
(242, '2020-08-29', 1, 2145, 128700000, 2),
(243, '2020-08-30', 1, 1856, 111360000, 2),
(244, '2020-08-31', 1, 1213, 72780000, 2),
(245, '2020-09-01', 1, 1962, 117720000, 2),
(246, '2020-09-02', 1, 2287, 137220000, 2),
(247, '2020-09-03', 1, 1394, 83640000, 2),
(248, '2020-09-04', 1, 1272, 76320000, 2),
(249, '2020-09-05', 1, 2108, 126480000, 2),
(250, '2020-09-06', 1, 1726, 103560000, 2),
(251, '2020-09-07', 1, 1058, 63480000, 2),
(252, '2020-09-08', 1, 1386, 83160000, 2),
(253, '2020-09-09', 1, 2165, 129900000, 2),
(254, '2020-09-10', 1, 1699, 101940000, 2),
(255, '2020-09-11', 1, 1983, 118980000, 2),
(256, '2020-09-12', 1, 2181, 130860000, 2),
(257, '2020-09-13', 1, 1675, 100500000, 2),
(258, '2020-09-14', 1, 1985, 119100000, 2),
(259, '2020-09-15', 1, 1438, 86280000, 2),
(260, '2020-09-16', 1, 1432, 85920000, 2),
(261, '2020-09-17', 1, 2558, 153480000, 2),
(262, '2020-09-18', 1, 1578, 94680000, 2),
(263, '2020-09-19', 1, 2339, 140340000, 2),
(264, '2020-09-20', 1, 1609, 96540000, 2),
(265, '2020-09-21', 1, 1813, 108780000, 2),
(266, '2020-09-22', 1, 2439, 146340000, 2),
(267, '2020-09-23', 1, 2170, 130200000, 2),
(268, '2020-09-24', 1, 2013, 120780000, 2),
(269, '2020-09-25', 1, 1770, 106200000, 2),
(270, '2020-09-26', 1, 1602, 96120000, 2),
(271, '2020-09-27', 1, 1362, 81720000, 2),
(272, '2020-09-28', 1, 1630, 97800000, 2),
(273, '2020-09-29', 1, 2052, 123120000, 2),
(274, '2020-09-30', 1, 1802, 108120000, 2),
(275, '2020-10-01', 1, 2375, 142500000, 2),
(276, '2020-10-02', 1, 2289, 137340000, 2),
(277, '2020-10-03', 1, 1179, 70740000, 2),
(278, '2020-10-04', 1, 1222, 73320000, 2),
(279, '2020-10-05', 1, 2565, 153900000, 2),
(280, '2020-10-06', 1, 1997, 119820000, 2),
(281, '2020-10-07', 1, 2317, 139020000, 2),
(282, '2020-10-08', 1, 1563, 93780000, 2),
(283, '2020-10-09', 1, 2471, 148260000, 2),
(284, '2020-10-10', 1, 2327, 139620000, 2),
(285, '2020-10-11', 1, 2255, 135300000, 2),
(286, '2020-10-12', 1, 2567, 154020000, 2),
(287, '2020-10-13', 1, 2222, 133320000, 2),
(288, '2020-10-14', 1, 1320, 79200000, 2),
(289, '2020-10-15', 1, 1447, 86820000, 2),
(290, '2020-10-16', 1, 1002, 60120000, 2),
(291, '2020-10-17', 1, 2269, 136140000, 2),
(292, '2020-10-18', 1, 1441, 86460000, 2),
(293, '2020-10-19', 1, 2406, 144360000, 2),
(294, '2020-10-20', 1, 2002, 120120000, 2),
(295, '2020-10-21', 1, 2193, 131580000, 2),
(296, '2020-10-22', 1, 1830, 109800000, 2),
(297, '2020-10-23', 1, 2570, 154200000, 2),
(298, '2020-10-24', 1, 1361, 81660000, 2),
(299, '2020-10-25', 1, 2152, 129120000, 2),
(300, '2020-10-26', 1, 2278, 136680000, 2),
(301, '2020-10-27', 1, 1356, 81360000, 2),
(302, '2020-10-28', 1, 1036, 62160000, 2),
(303, '2020-10-29', 1, 1157, 69420000, 2),
(304, '2020-10-30', 1, 2131, 127860000, 2),
(305, '2020-10-31', 1, 2405, 144300000, 2),
(306, '2020-11-01', 1, 2067, 124020000, 2),
(307, '2020-11-02', 1, 1309, 78540000, 2),
(308, '2020-11-03', 1, 2042, 122520000, 2),
(309, '2020-11-04', 1, 1738, 104280000, 2),
(310, '2020-11-05', 1, 2091, 125460000, 2),
(311, '2020-11-06', 1, 1629, 97740000, 2),
(312, '2020-11-07', 1, 1152, 69120000, 2),
(313, '2020-11-08', 1, 1146, 68760000, 2),
(314, '2020-11-09', 1, 1119, 67140000, 2),
(315, '2020-11-10', 1, 1770, 106200000, 2),
(316, '2020-11-11', 1, 2283, 136980000, 2),
(317, '2020-11-12', 1, 2325, 139500000, 2),
(318, '2020-11-13', 1, 1437, 86220000, 2),
(319, '2020-11-14', 1, 1703, 102180000, 2),
(320, '2020-11-15', 1, 1716, 102960000, 2),
(321, '2020-11-16', 1, 1172, 70320000, 2),
(322, '2020-11-17', 1, 2557, 153420000, 2),
(323, '2020-11-18', 1, 1803, 108180000, 2),
(324, '2020-11-19', 1, 1827, 109620000, 2),
(325, '2020-11-20', 1, 1986, 119160000, 2),
(326, '2020-11-21', 1, 1604, 96240000, 2),
(327, '2020-11-22', 1, 1694, 101640000, 2),
(328, '2020-11-23', 1, 2501, 150060000, 2),
(329, '2020-11-24', 1, 1656, 99360000, 2),
(330, '2020-11-25', 1, 2286, 137160000, 2),
(331, '2020-11-26', 1, 1029, 61740000, 2),
(332, '2020-11-27', 1, 1889, 113340000, 2),
(333, '2020-11-28', 1, 2410, 144600000, 2),
(334, '2020-11-29', 1, 1965, 117900000, 2),
(335, '2020-11-30', 1, 1817, 109020000, 2),
(336, '2020-12-01', 1, 1231, 73860000, 2),
(337, '2020-12-02', 1, 1310, 78600000, 2),
(338, '2020-12-03', 1, 2399, 143940000, 2),
(339, '2020-12-04', 1, 1614, 96840000, 2),
(340, '2020-12-05', 1, 1544, 92640000, 2),
(341, '2020-12-06', 1, 1248, 74880000, 2),
(342, '2020-12-07', 1, 1812, 108720000, 2),
(343, '2020-12-08', 1, 1069, 64140000, 2),
(344, '2020-12-09', 1, 1902, 114120000, 2),
(345, '2020-12-10', 1, 1151, 69060000, 2),
(346, '2020-12-11', 1, 2081, 124860000, 2),
(347, '2020-12-12', 1, 1479, 88740000, 2),
(348, '2020-12-13', 1, 2186, 131160000, 2),
(349, '2020-12-14', 1, 1347, 80820000, 2),
(350, '2020-12-15', 1, 1021, 61260000, 2),
(351, '2020-12-16', 1, 1478, 88680000, 2),
(352, '2020-12-17', 1, 1607, 96420000, 2),
(353, '2020-12-18', 1, 1106, 66360000, 2),
(354, '2020-12-19', 1, 1607, 96420000, 2),
(355, '2020-12-20', 1, 1512, 90720000, 2),
(356, '2020-12-21', 1, 1554, 93240000, 2),
(357, '2020-12-22', 1, 1307, 78420000, 2),
(358, '2020-12-23', 1, 1411, 84660000, 2),
(359, '2020-12-24', 1, 1447, 86820000, 2),
(360, '2020-12-25', 1, 1836, 110160000, 2),
(361, '2020-12-26', 1, 2348, 140880000, 2),
(362, '2020-12-27', 1, 1947, 116820000, 2),
(363, '2020-12-28', 1, 1111, 66660000, 2),
(364, '2020-12-29', 1, 1575, 94500000, 2),
(365, '2020-12-30', 1, 1851, 111060000, 2),
(366, '2020-12-31', 1, 1114, 66840000, 2),
(367, '2021-01-01', 1, 2392, 143520000, 2),
(368, '2021-01-02', 1, 1388, 83280000, 2),
(369, '2021-01-03', 1, 1996, 119760000, 2),
(370, '2021-01-04', 1, 2070, 124200000, 2),
(371, '2021-01-05', 1, 1629, 97740000, 2),
(372, '2021-01-06', 1, 1774, 106440000, 2),
(373, '2021-01-07', 1, 2025, 121500000, 2),
(374, '2021-01-08', 1, 1847, 110820000, 2),
(375, '2021-01-09', 1, 1984, 119040000, 2),
(376, '2021-01-10', 1, 2148, 128880000, 2),
(377, '2021-01-11', 1, 2449, 146940000, 2),
(378, '2021-01-12', 1, 1267, 76020000, 2),
(379, '2021-01-13', 1, 2472, 148320000, 2),
(380, '2021-01-14', 1, 1704, 102240000, 2),
(381, '2021-01-15', 1, 1320, 79200000, 2),
(382, '2021-01-16', 1, 1410, 84600000, 2),
(383, '2021-01-17', 1, 2194, 131640000, 2),
(384, '2021-01-18', 1, 1720, 103200000, 2),
(385, '2021-01-19', 1, 1995, 119700000, 2),
(386, '2021-01-20', 1, 1395, 83700000, 2),
(387, '2021-01-21', 1, 2213, 132780000, 2),
(388, '2021-01-22', 1, 2584, 155040000, 2),
(389, '2021-01-23', 1, 1748, 104880000, 2),
(390, '2021-01-24', 1, 1696, 101760000, 2),
(391, '2021-01-25', 1, 1460, 87600000, 2),
(392, '2021-01-26', 1, 1714, 102840000, 2),
(393, '2021-01-27', 1, 2575, 154500000, 2),
(394, '2021-01-28', 1, 1137, 68220000, 2),
(395, '2021-01-29', 1, 1467, 88020000, 2),
(396, '2021-01-30', 1, 1942, 116520000, 2),
(397, '2021-01-31', 1, 1141, 68460000, 2),
(398, '2021-02-01', 1, 2142, 128520000, 2),
(399, '2021-02-02', 1, 1565, 93900000, 2),
(400, '2021-02-03', 1, 1705, 102300000, 2),
(401, '2021-02-04', 1, 2128, 127680000, 2),
(402, '2021-02-05', 1, 2008, 120480000, 2),
(403, '2021-02-06', 1, 1498, 89880000, 2),
(404, '2021-02-07', 1, 1090, 65400000, 2),
(405, '2021-02-08', 1, 1321, 79260000, 2),
(406, '2021-02-09', 1, 1702, 102120000, 2),
(407, '2021-02-10', 1, 2553, 153180000, 2),
(408, '2021-02-11', 1, 2069, 124140000, 2),
(409, '2021-02-12', 1, 1803, 108180000, 2),
(410, '2021-02-13', 1, 1386, 83160000, 2),
(411, '2021-02-14', 1, 2492, 149520000, 2),
(412, '2021-02-15', 1, 2423, 145380000, 2),
(413, '2021-02-16', 1, 2406, 144360000, 2),
(414, '2021-02-17', 1, 2477, 148620000, 2),
(415, '2021-02-18', 1, 1057, 63420000, 2),
(416, '2021-02-19', 1, 2497, 149820000, 2),
(417, '2021-02-20', 1, 1072, 64320000, 2),
(418, '2021-02-21', 1, 1101, 66060000, 2),
(419, '2021-02-22', 1, 1078, 64680000, 2),
(420, '2021-02-23', 1, 1144, 68640000, 2),
(421, '2021-02-24', 1, 1299, 77940000, 2),
(422, '2021-02-25', 1, 2074, 124440000, 2),
(423, '2021-02-26', 1, 1403, 84180000, 2),
(424, '2021-02-27', 1, 2591, 155460000, 2),
(425, '2021-02-28', 1, 2211, 132660000, 2),
(426, '2021-03-01', 1, 1263, 75780000, 2),
(427, '2021-03-02', 1, 1444, 86640000, 2),
(428, '2021-03-03', 1, 2045, 122700000, 2),
(429, '2021-03-04', 1, 1628, 97680000, 2),
(430, '2021-03-05', 1, 2237, 134220000, 2),
(431, '2021-03-06', 1, 1212, 72720000, 2),
(432, '2021-03-07', 1, 1766, 105960000, 2),
(433, '2021-03-08', 1, 1202, 72120000, 2),
(434, '2021-03-09', 1, 2254, 135240000, 2),
(435, '2021-03-10', 1, 1983, 118980000, 2),
(436, '2021-03-11', 1, 1114, 66840000, 2),
(437, '2021-03-12', 1, 1174, 70440000, 2),
(438, '2021-03-13', 1, 2430, 145800000, 2),
(439, '2021-03-14', 1, 1702, 102120000, 2),
(440, '2021-03-15', 1, 2437, 146220000, 2),
(441, '2021-03-16', 1, 1720, 103200000, 2),
(442, '2021-03-17', 1, 1379, 82740000, 2),
(443, '2021-03-18', 1, 1465, 87900000, 2),
(444, '2021-03-19', 1, 1816, 108960000, 2),
(445, '2021-03-20', 1, 1670, 100200000, 2),
(446, '2021-03-21', 1, 1879, 112740000, 2),
(447, '2021-03-22', 1, 2003, 120180000, 2),
(448, '2021-03-23', 1, 1717, 103020000, 2),
(449, '2021-03-24', 1, 1243, 74580000, 2),
(450, '2021-03-25', 1, 1492, 89520000, 2),
(451, '2021-03-26', 1, 1860, 111600000, 2),
(452, '2021-03-27', 1, 1816, 108960000, 2),
(453, '2021-03-28', 1, 1401, 84060000, 2),
(454, '2021-03-29', 1, 2008, 120480000, 2),
(455, '2021-03-30', 1, 1275, 76500000, 2),
(456, '2021-03-31', 1, 2037, 122220000, 2),
(457, '2021-04-01', 1, 1162, 69720000, 2),
(458, '2021-04-02', 1, 1294, 77640000, 2),
(459, '2021-04-03', 1, 1375, 82500000, 2),
(460, '2021-04-04', 1, 1571, 94260000, 2),
(461, '2021-04-05', 1, 1879, 112740000, 2),
(462, '2021-04-06', 1, 1527, 91620000, 2),
(463, '2021-04-07', 1, 2366, 141960000, 2),
(464, '2021-04-08', 1, 1059, 63540000, 2),
(465, '2021-04-09', 1, 1932, 115920000, 2),
(466, '2021-04-10', 1, 1414, 84840000, 2),
(467, '2021-04-11', 1, 2073, 124380000, 2),
(468, '2021-04-12', 1, 1801, 108060000, 2),
(469, '2021-04-13', 1, 1038, 62280000, 2),
(470, '2021-04-14', 1, 2529, 151740000, 2),
(471, '2021-04-15', 1, 1571, 94260000, 2),
(472, '2021-04-16', 1, 1747, 104820000, 2),
(473, '2021-04-17', 1, 2332, 139920000, 2),
(474, '2021-04-18', 1, 1578, 94680000, 2),
(475, '2021-04-19', 1, 2416, 144960000, 2),
(476, '2021-04-20', 1, 2027, 121620000, 2),
(477, '2021-04-21', 1, 1820, 109200000, 2),
(478, '2021-04-22', 1, 1462, 87720000, 2),
(479, '2021-04-23', 1, 2253, 135180000, 2),
(480, '2021-04-24', 1, 2135, 128100000, 2),
(481, '2021-04-25', 1, 1478, 88680000, 2),
(482, '2021-04-26', 1, 1372, 82320000, 2),
(483, '2021-04-27', 1, 1493, 89580000, 2),
(484, '2021-04-28', 1, 1600, 96000000, 2),
(485, '2021-04-29', 1, 1384, 83040000, 2),
(486, '2021-04-30', 1, 1711, 102660000, 2),
(487, '2021-05-01', 1, 2469, 148140000, 2),
(488, '2021-05-02', 1, 1657, 99420000, 2),
(489, '2021-05-03', 1, 1059, 63540000, 2),
(490, '2021-05-04', 1, 1511, 90660000, 2),
(491, '2021-05-05', 1, 2101, 126060000, 2),
(492, '2021-05-06', 1, 1813, 108780000, 2),
(493, '2021-05-07', 1, 1825, 109500000, 2),
(494, '2021-05-08', 1, 1672, 100320000, 2),
(495, '2021-05-09', 1, 1578, 94680000, 2),
(496, '2021-05-10', 1, 2006, 120360000, 2),
(497, '2021-05-11', 1, 2440, 146400000, 2),
(498, '2021-05-12', 1, 1307, 78420000, 2),
(499, '2021-05-13', 1, 1806, 108360000, 2),
(500, '2021-05-14', 1, 1719, 103140000, 2),
(501, '2021-05-15', 1, 2029, 121740000, 2),
(502, '2021-05-16', 1, 2249, 134940000, 2),
(503, '2021-05-17', 1, 2373, 142380000, 2),
(504, '2021-05-18', 1, 1748, 104880000, 2),
(505, '2021-05-19', 1, 1687, 101220000, 2),
(506, '2021-05-20', 1, 1254, 75240000, 2),
(507, '2021-05-21', 1, 1576, 94560000, 2),
(508, '2021-05-22', 1, 1442, 86520000, 2),
(509, '2021-05-23', 1, 1143, 68580000, 2),
(510, '2021-05-24', 1, 1254, 75240000, 2),
(511, '2021-05-25', 1, 1682, 100920000, 2),
(512, '2021-05-26', 1, 1894, 113640000, 2),
(513, '2021-05-27', 1, 1997, 119820000, 2),
(514, '2021-05-28', 1, 2439, 146340000, 2),
(515, '2021-05-29', 1, 1117, 67020000, 2),
(516, '2021-05-30', 1, 1600, 96000000, 2),
(517, '2021-05-31', 1, 1307, 78420000, 2),
(518, '2021-06-01', 1, 1845, 110700000, 2),
(519, '2021-06-02', 1, 1232, 73920000, 2),
(520, '2021-06-03', 1, 1621, 97260000, 2),
(521, '2021-06-04', 1, 2545, 152700000, 2),
(522, '2021-06-05', 1, 1264, 75840000, 2),
(523, '2021-06-06', 1, 1678, 100680000, 2),
(524, '2021-06-07', 1, 2247, 134820000, 2),
(525, '2021-06-08', 1, 2498, 149880000, 2),
(526, '2021-06-09', 1, 1674, 100440000, 2),
(527, '2021-06-10', 1, 2089, 125340000, 2),
(528, '2021-06-11', 1, 2181, 130860000, 2),
(529, '2021-06-12', 1, 1640, 98400000, 2),
(530, '2021-06-13', 1, 2419, 145140000, 2),
(531, '2021-06-14', 1, 2275, 136500000, 2),
(532, '2021-06-15', 1, 1927, 115620000, 2),
(533, '2021-06-16', 1, 1958, 117480000, 2),
(534, '2021-06-17', 1, 1892, 113520000, 2),
(535, '2021-06-18', 1, 2457, 147420000, 2),
(536, '2021-06-19', 1, 2164, 129840000, 2),
(537, '2021-06-20', 1, 1240, 74400000, 2),
(538, '2021-06-21', 1, 1372, 82320000, 2),
(539, '2021-06-22', 1, 1305, 78300000, 2),
(540, '2021-06-23', 1, 1068, 64080000, 2),
(541, '2021-06-24', 1, 1449, 86940000, 2),
(542, '2021-06-25', 1, 1878, 112680000, 2),
(543, '2021-06-26', 1, 1383, 82980000, 2),
(544, '2021-06-27', 1, 1359, 81540000, 2),
(545, '2021-06-28', 1, 1860, 111600000, 2),
(546, '2021-06-29', 1, 1730, 103800000, 2),
(547, '2021-06-30', 1, 1486, 89160000, 2),
(548, '2021-07-01', 1, 1497, 89820000, 2),
(549, '2021-07-02', 1, 1995, 119700000, 2),
(550, '2021-07-03', 1, 2024, 121440000, 2),
(551, '2021-07-04', 1, 1736, 104160000, 2),
(552, '2021-07-05', 1, 1989, 119340000, 2),
(553, '2021-07-06', 1, 1356, 81360000, 2),
(554, '2021-07-07', 1, 1919, 115140000, 2),
(555, '2021-07-08', 1, 2094, 125640000, 2),
(556, '2021-07-09', 1, 2305, 138300000, 2),
(557, '2021-07-10', 1, 1367, 82020000, 2),
(558, '2021-07-11', 1, 2071, 124260000, 2),
(559, '2021-07-12', 1, 1385, 83100000, 2),
(560, '2021-07-13', 1, 1345, 80700000, 2),
(561, '2021-07-14', 1, 1838, 110280000, 2),
(562, '2021-07-15', 1, 1352, 81120000, 2),
(563, '2021-07-16', 1, 1248, 74880000, 2),
(564, '2021-07-17', 1, 2247, 134820000, 2),
(565, '2021-07-18', 1, 1976, 118560000, 2),
(566, '2021-07-19', 1, 2110, 126600000, 2),
(567, '2021-07-20', 1, 1977, 118620000, 2),
(568, '2021-07-21', 1, 2221, 133260000, 2),
(569, '2021-07-22', 1, 2144, 128640000, 2),
(570, '2021-07-23', 1, 1339, 80340000, 2),
(571, '2021-07-24', 1, 2600, 156000000, 2),
(572, '2021-07-25', 1, 1710, 102600000, 2),
(573, '2021-07-26', 1, 2006, 120360000, 2),
(574, '2021-07-27', 1, 2542, 152520000, 2),
(575, '2021-07-28', 1, 1030, 61800000, 2),
(576, '2021-07-29', 1, 2345, 140700000, 2),
(577, '2021-07-30', 1, 1759, 105540000, 2),
(578, '2021-07-31', 1, 2077, 124620000, 2),
(579, '2021-08-01', 1, 1984, 119040000, 2),
(580, '2021-08-02', 1, 2427, 145620000, 2),
(581, '2021-08-03', 1, 2282, 136920000, 2),
(582, '2021-08-04', 1, 1314, 78840000, 2),
(583, '2021-08-05', 1, 2334, 140040000, 2),
(584, '2021-08-06', 1, 1237, 74220000, 2),
(585, '2021-08-07', 1, 2429, 145740000, 2),
(586, '2021-08-08', 1, 2211, 132660000, 2),
(587, '2021-08-09', 1, 1985, 119100000, 2),
(588, '2021-08-10', 1, 1957, 117420000, 2),
(589, '2021-08-11', 1, 2485, 149100000, 2),
(590, '2021-08-12', 1, 1544, 92640000, 2),
(591, '2021-08-13', 1, 1567, 94020000, 2),
(592, '2021-08-14', 1, 2473, 148380000, 2),
(593, '2021-08-15', 1, 2110, 126600000, 2),
(594, '2021-08-16', 1, 1481, 88860000, 2),
(595, '2021-08-17', 1, 1980, 118800000, 2),
(596, '2021-08-18', 1, 1144, 68640000, 2),
(597, '2021-08-19', 1, 2407, 144420000, 2),
(598, '2021-08-20', 1, 1409, 84540000, 2),
(599, '2021-08-21', 1, 2154, 129240000, 2),
(600, '2021-08-22', 1, 2576, 154560000, 2),
(601, '2021-08-23', 1, 1929, 115740000, 2),
(602, '2021-08-24', 1, 2556, 153360000, 2),
(603, '2021-08-25', 1, 1211, 72660000, 2),
(604, '2021-08-26', 1, 1548, 92880000, 2),
(605, '2021-08-27', 1, 1879, 112740000, 2),
(606, '2021-08-28', 1, 1046, 62760000, 2),
(607, '2021-08-29', 1, 1443, 86580000, 2),
(608, '2021-08-30', 1, 1337, 80220000, 2),
(609, '2021-08-31', 1, 2404, 144240000, 2),
(610, '2021-09-01', 1, 2157, 129420000, 2),
(611, '2021-09-02', 1, 1638, 98280000, 2),
(612, '2021-09-03', 1, 2254, 135240000, 2),
(613, '2021-09-04', 1, 1445, 86700000, 2),
(614, '2021-09-05', 1, 2340, 140400000, 2),
(615, '2021-09-06', 1, 1427, 85620000, 2),
(616, '2021-09-07', 1, 1584, 95040000, 2),
(617, '2021-09-08', 1, 2370, 142200000, 2),
(618, '2021-09-09', 1, 1996, 119760000, 2),
(619, '2021-09-10', 1, 2544, 152640000, 2),
(620, '2021-09-11', 1, 1086, 65160000, 2),
(621, '2021-09-12', 1, 1416, 84960000, 2),
(622, '2021-09-13', 1, 1918, 115080000, 2),
(623, '2021-09-14', 1, 2515, 150900000, 2),
(624, '2021-09-15', 1, 1972, 118320000, 2),
(625, '2021-09-16', 1, 1695, 101700000, 2),
(626, '2021-09-17', 1, 1599, 95940000, 2),
(627, '2021-09-18', 1, 1626, 97560000, 2),
(628, '2021-09-19', 1, 2405, 144300000, 2),
(629, '2021-09-20', 1, 2192, 131520000, 2),
(630, '2021-09-21', 1, 2054, 123240000, 2),
(631, '2021-09-22', 1, 1740, 104400000, 2),
(632, '2021-09-23', 1, 1241, 74460000, 2),
(633, '2021-09-24', 1, 1206, 72360000, 2),
(634, '2021-09-25', 1, 1169, 70140000, 2),
(635, '2021-09-26', 1, 1756, 105360000, 2),
(636, '2021-09-27', 1, 2109, 126540000, 2),
(637, '2021-09-28', 1, 1073, 64380000, 2),
(638, '2021-09-29', 1, 2190, 131400000, 2),
(639, '2021-09-30', 1, 1150, 69000000, 2),
(640, '2021-10-01', 1, 2327, 139620000, 2),
(641, '2021-10-02', 1, 1711, 102660000, 2),
(642, '2021-10-03', 1, 1345, 80700000, 2),
(643, '2021-10-04', 1, 2137, 128220000, 2),
(644, '2021-10-05', 1, 2451, 147060000, 2),
(645, '2021-10-06', 1, 2047, 122820000, 2),
(646, '2021-10-07', 1, 1378, 82680000, 2),
(647, '2021-10-08', 1, 2135, 128100000, 2),
(648, '2021-10-09', 1, 1921, 115260000, 2),
(649, '2021-10-10', 1, 1157, 69420000, 2),
(650, '2021-10-11', 1, 1601, 96060000, 2),
(651, '2021-10-12', 1, 1040, 62400000, 2),
(652, '2021-10-13', 1, 2463, 147780000, 2),
(653, '2021-10-14', 1, 2587, 155220000, 2),
(654, '2021-10-15', 1, 2360, 141600000, 2),
(655, '2021-10-16', 1, 1847, 110820000, 2),
(656, '2021-10-17', 1, 1116, 66960000, 2),
(657, '2021-10-18', 1, 2186, 131160000, 2),
(658, '2021-10-19', 1, 2575, 154500000, 2),
(659, '2021-10-20', 1, 2457, 147420000, 2),
(660, '2021-10-21', 1, 1407, 84420000, 2),
(661, '2021-10-22', 1, 1926, 115560000, 2),
(662, '2021-10-23', 1, 1962, 117720000, 2),
(663, '2021-10-24', 1, 1881, 112860000, 2),
(664, '2021-10-25', 1, 1116, 66960000, 2),
(665, '2021-10-26', 1, 1143, 68580000, 2),
(666, '2021-10-27', 1, 2028, 121680000, 2),
(667, '2021-10-28', 1, 1832, 109920000, 2),
(668, '2021-10-29', 1, 1850, 111000000, 2),
(669, '2021-10-30', 1, 2068, 124080000, 2),
(670, '2021-10-31', 1, 2561, 153660000, 2),
(671, '2021-11-01', 1, 1352, 81120000, 2),
(672, '2021-11-02', 1, 1226, 73560000, 2),
(673, '2021-11-03', 1, 1998, 119880000, 2),
(674, '2021-11-04', 1, 1763, 105780000, 2),
(675, '2021-11-05', 1, 1637, 98220000, 2),
(676, '2021-11-06', 1, 2574, 154440000, 2),
(677, '2021-11-07', 1, 1976, 118560000, 2),
(678, '2021-11-08', 1, 1266, 75960000, 2),
(679, '2021-11-09', 1, 1347, 80820000, 2),
(680, '2021-11-10', 1, 2331, 139860000, 2),
(681, '2021-11-11', 1, 1425, 85500000, 2),
(682, '2021-11-12', 1, 1581, 94860000, 2),
(683, '2021-11-13', 1, 2331, 139860000, 2),
(684, '2021-11-14', 1, 2322, 139320000, 2),
(685, '2021-11-15', 1, 1817, 109020000, 2),
(686, '2021-11-16', 1, 1982, 118920000, 2),
(687, '2021-11-17', 1, 1689, 101340000, 2),
(688, '2021-11-18', 1, 1870, 112200000, 2),
(689, '2021-11-19', 1, 2118, 127080000, 2),
(690, '2021-11-20', 1, 1597, 95820000, 2),
(691, '2021-11-21', 1, 1071, 64260000, 2),
(692, '2021-11-22', 1, 2203, 132180000, 2),
(693, '2021-11-23', 1, 2499, 149940000, 2),
(694, '2021-11-24', 1, 1413, 84780000, 2),
(695, '2021-11-25', 1, 1782, 106920000, 2),
(696, '2021-11-26', 1, 1906, 114360000, 2),
(697, '2021-11-27', 1, 1361, 81660000, 2),
(698, '2021-11-28', 1, 1026, 61560000, 2),
(699, '2021-11-29', 1, 2134, 128040000, 2),
(700, '2021-11-30', 1, 1331, 79860000, 2),
(701, '2021-12-01', 1, 2158, 129480000, 2),
(702, '2021-12-02', 1, 1347, 80820000, 2),
(703, '2021-12-03', 1, 1690, 101400000, 2),
(704, '2021-12-04', 1, 1105, 66300000, 2),
(705, '2021-12-05', 1, 1562, 93720000, 2),
(706, '2021-12-06', 1, 1134, 68040000, 2),
(707, '2021-12-07', 1, 1783, 106980000, 2),
(708, '2021-12-08', 1, 1537, 92220000, 2),
(709, '2021-12-09', 1, 1279, 76740000, 2),
(710, '2021-12-10', 1, 2299, 137940000, 2),
(711, '2021-12-11', 1, 1600, 96000000, 2),
(712, '2021-12-12', 1, 1023, 61380000, 2),
(713, '2021-12-13', 1, 1755, 105300000, 2),
(714, '2021-12-14', 1, 1261, 75660000, 2),
(715, '2021-12-15', 1, 1974, 118440000, 2),
(716, '2021-12-16', 1, 2142, 128520000, 2),
(717, '2021-12-17', 1, 1263, 75780000, 2),
(718, '2021-12-18', 1, 1247, 74820000, 2),
(719, '2021-12-19', 1, 1436, 86160000, 2),
(720, '2021-12-20', 1, 1512, 90720000, 2),
(721, '2021-12-21', 1, 1554, 93240000, 2),
(722, '2021-12-22', 1, 1233, 73980000, 2),
(723, '2021-12-23', 1, 2013, 120780000, 2),
(724, '2021-12-24', 1, 1392, 83520000, 2),
(725, '2021-12-25', 1, 2528, 151680000, 2),
(726, '2021-12-26', 1, 2147, 128820000, 2),
(727, '2021-12-27', 1, 1172, 70320000, 2),
(728, '2021-12-28', 1, 2053, 123180000, 2),
(729, '2021-12-29', 1, 1422, 85320000, 2),
(730, '2021-12-30', 1, 1462, 87720000, 2),
(731, '2021-12-31', 1, 2563, 153780000, 2),
(1024, '2020-01-01', 2, 1371, 34275000, 2),
(1025, '2020-01-02', 2, 1682, 42050000, 2),
(1026, '2020-01-03', 2, 1393, 34825000, 2),
(1027, '2020-01-04', 2, 1938, 48450000, 2),
(1028, '2020-01-05', 2, 1859, 46475000, 2),
(1029, '2020-01-06', 2, 1549, 38725000, 2),
(1030, '2020-01-07', 2, 1409, 35225000, 2),
(1031, '2020-01-08', 2, 1201, 30025000, 2),
(1032, '2020-01-09', 2, 1125, 28125000, 2),
(1033, '2020-01-10', 2, 1883, 47075000, 2),
(1034, '2020-01-11', 2, 1841, 46025000, 2),
(1035, '2020-01-12', 2, 1957, 48925000, 2),
(1036, '2020-01-13', 2, 1393, 34825000, 2),
(1037, '2020-01-14', 2, 1328, 33200000, 2),
(1038, '2020-01-15', 2, 1118, 27950000, 2),
(1039, '2020-01-16', 2, 1722, 43050000, 2),
(1040, '2020-01-17', 2, 1219, 30475000, 2),
(1041, '2020-01-18', 2, 1692, 42300000, 2),
(1042, '2020-01-19', 2, 1532, 38300000, 2),
(1043, '2020-01-20', 2, 1939, 48475000, 2),
(1044, '2020-01-21', 2, 1393, 34825000, 2),
(1045, '2020-01-22', 2, 1822, 45550000, 2),
(1046, '2020-01-23', 2, 1457, 36425000, 2),
(1047, '2020-01-24', 2, 1016, 25400000, 2),
(1048, '2020-01-25', 2, 1821, 45525000, 2),
(1049, '2020-01-26', 2, 1993, 49825000, 2),
(1050, '2020-01-27', 2, 1426, 35650000, 2),
(1051, '2020-01-28', 2, 1175, 29375000, 2),
(1052, '2020-01-29', 2, 1615, 40375000, 2),
(1053, '2020-01-30', 2, 1143, 28575000, 2),
(1054, '2020-01-31', 2, 1640, 41000000, 2),
(1055, '2020-02-01', 2, 1783, 44575000, 2),
(1056, '2020-02-02', 2, 1712, 42800000, 2),
(1057, '2020-02-03', 2, 1918, 47950000, 2),
(1058, '2020-02-04', 2, 1239, 30975000, 2),
(1059, '2020-02-05', 2, 1790, 44750000, 2),
(1060, '2020-02-06', 2, 1372, 34300000, 2),
(1061, '2020-02-07', 2, 1719, 42975000, 2),
(1062, '2020-02-08', 2, 1945, 48625000, 2),
(1063, '2020-02-09', 2, 1886, 47150000, 2),
(1064, '2020-02-10', 2, 1631, 40775000, 2),
(1065, '2020-02-11', 2, 1373, 34325000, 2),
(1066, '2020-02-12', 2, 1355, 33875000, 2),
(1067, '2020-02-13', 2, 1659, 41475000, 2),
(1068, '2020-02-14', 2, 1497, 37425000, 2),
(1069, '2020-02-15', 2, 1805, 45125000, 2),
(1070, '2020-02-16', 2, 1234, 30850000, 2),
(1071, '2020-02-17', 2, 2078, 51950000, 2),
(1072, '2020-02-18', 2, 1646, 41150000, 2),
(1073, '2020-02-19', 2, 1597, 39925000, 2),
(1074, '2020-02-20', 2, 2040, 51000000, 2),
(1075, '2020-02-21', 2, 1912, 47800000, 2),
(1076, '2020-02-22', 2, 1564, 39100000, 2),
(1077, '2020-02-23', 2, 1891, 47275000, 2),
(1078, '2020-02-24', 2, 1357, 33925000, 2),
(1079, '2020-02-25', 2, 1902, 47550000, 2),
(1080, '2020-02-26', 2, 1226, 30650000, 2),
(1081, '2020-02-27', 2, 1235, 30875000, 2),
(1082, '2020-02-28', 2, 1591, 39775000, 2),
(1083, '2020-02-29', 2, 1398, 34950000, 2),
(1084, '2020-03-01', 2, 1874, 46850000, 2),
(1085, '2020-03-02', 2, 1506, 37650000, 2),
(1086, '2020-03-03', 2, 1521, 38025000, 2),
(1087, '2020-03-04', 2, 2097, 52425000, 2),
(1088, '2020-03-05', 2, 1941, 48525000, 2),
(1089, '2020-03-06', 2, 1373, 34325000, 2),
(1090, '2020-03-07', 2, 1478, 36950000, 2),
(1091, '2020-03-08', 2, 1711, 42775000, 2),
(1092, '2020-03-09', 2, 1445, 36125000, 2),
(1093, '2020-03-10', 2, 1731, 43275000, 2),
(1094, '2020-03-11', 2, 1756, 43900000, 2),
(1095, '2020-03-12', 2, 1838, 45950000, 2),
(1096, '2020-03-13', 2, 1664, 41600000, 2),
(1097, '2020-03-14', 2, 1447, 36175000, 2),
(1098, '2020-03-15', 2, 2024, 50600000, 2),
(1099, '2020-03-16', 2, 2151, 53775000, 2),
(1100, '2020-03-17', 2, 2088, 52200000, 2),
(1101, '2020-03-18', 2, 1767, 44175000, 2),
(1102, '2020-03-19', 2, 1322, 33050000, 2),
(1103, '2020-03-20', 2, 1821, 45525000, 2),
(1104, '2020-03-21', 2, 2173, 54325000, 2),
(1105, '2020-03-22', 2, 1608, 40200000, 2),
(1106, '2020-03-23', 2, 1711, 42775000, 2),
(1107, '2020-03-24', 2, 1329, 33225000, 2),
(1108, '2020-03-25', 2, 1750, 43750000, 2),
(1109, '2020-03-26', 2, 1905, 47625000, 2),
(1110, '2020-03-27', 2, 1416, 35400000, 2),
(1111, '2020-03-28', 2, 2005, 50125000, 2),
(1112, '2020-03-29', 2, 1534, 38350000, 2),
(1113, '2020-03-30', 2, 1762, 44050000, 2),
(1114, '2020-03-31', 2, 2178, 54450000, 2),
(1115, '2020-04-01', 2, 1608, 40200000, 2),
(1116, '2020-04-02', 2, 1774, 44350000, 2),
(1117, '2020-04-03', 2, 2286, 57150000, 2),
(1118, '2020-04-04', 2, 1734, 43350000, 2),
(1119, '2020-04-05', 2, 1936, 48400000, 2),
(1120, '2020-04-06', 2, 1407, 35175000, 2),
(1121, '2020-04-07', 2, 2101, 52525000, 2),
(1122, '2020-04-08', 2, 2258, 56450000, 2),
(1123, '2020-04-09', 2, 2128, 53200000, 2),
(1124, '2020-04-10', 2, 1476, 36900000, 2),
(1125, '2020-04-11', 2, 1430, 35750000, 2),
(1126, '2020-04-12', 2, 2201, 55025000, 2),
(1127, '2020-04-13', 2, 1820, 45500000, 2),
(1128, '2020-04-14', 2, 1893, 47325000, 2),
(1129, '2020-04-15', 2, 2016, 50400000, 2),
(1130, '2020-04-16', 2, 1492, 37300000, 2),
(1131, '2020-04-17', 2, 1490, 37250000, 2),
(1132, '2020-04-18', 2, 1519, 37975000, 2),
(1133, '2020-04-19', 2, 1493, 37325000, 2),
(1134, '2020-04-20', 2, 1667, 41675000, 2),
(1135, '2020-04-21', 2, 1917, 47925000, 2),
(1136, '2020-04-22', 2, 1922, 48050000, 2),
(1137, '2020-04-23', 2, 1753, 43825000, 2),
(1138, '2020-04-24', 2, 1426, 35650000, 2),
(1139, '2020-04-25', 2, 1589, 39725000, 2),
(1140, '2020-04-26', 2, 1761, 44025000, 2),
(1141, '2020-04-27', 2, 2262, 56550000, 2),
(1142, '2020-04-28', 2, 1821, 45525000, 2),
(1143, '2020-04-29', 2, 1664, 41600000, 2),
(1144, '2020-04-30', 2, 1771, 44275000, 2),
(1145, '2020-05-01', 2, 1646, 41150000, 2),
(1146, '2020-05-02', 2, 2351, 58775000, 2),
(1147, '2020-05-03', 2, 1515, 37875000, 2),
(1148, '2020-05-04', 2, 1993, 49825000, 2),
(1149, '2020-05-05', 2, 2098, 52450000, 2),
(1150, '2020-05-06', 2, 2280, 57000000, 2),
(1151, '2020-05-07', 2, 1969, 49225000, 2),
(1152, '2020-05-08', 2, 1826, 45650000, 2),
(1153, '2020-05-09', 2, 2150, 53750000, 2),
(1154, '2020-05-10', 2, 1566, 39150000, 2),
(1155, '2020-05-11', 2, 2072, 51800000, 2),
(1156, '2020-05-12', 2, 2388, 59700000, 2),
(1157, '2020-05-13', 2, 1704, 42600000, 2),
(1158, '2020-05-14', 2, 1747, 43675000, 2),
(1159, '2020-05-15', 2, 1614, 40350000, 2),
(1160, '2020-05-16', 2, 1741, 43525000, 2),
(1161, '2020-05-17', 2, 1840, 46000000, 2),
(1162, '2020-05-18', 2, 2170, 54250000, 2),
(1163, '2020-05-19', 2, 2167, 54175000, 2),
(1164, '2020-05-20', 2, 1741, 43525000, 2),
(1165, '2020-05-21', 2, 2369, 59225000, 2),
(1166, '2020-05-22', 2, 1568, 39200000, 2),
(1167, '2020-05-23', 2, 1570, 39250000, 2),
(1168, '2020-05-24', 2, 1770, 44250000, 2),
(1169, '2020-05-25', 2, 2386, 59650000, 2),
(1170, '2020-05-26', 2, 1899, 47475000, 2),
(1171, '2020-05-27', 2, 1892, 47300000, 2),
(1172, '2020-05-28', 2, 1670, 41750000, 2),
(1173, '2020-05-29', 2, 2293, 57325000, 2),
(1174, '2020-05-30', 2, 1897, 47425000, 2),
(1175, '2020-05-31', 2, 1510, 37750000, 2),
(1176, '2020-06-01', 2, 2066, 51650000, 2),
(1177, '2020-06-02', 2, 1664, 41600000, 2),
(1178, '2020-06-03', 2, 1881, 47025000, 2),
(1179, '2020-06-04', 2, 2090, 52250000, 2),
(1180, '2020-06-05', 2, 1784, 44600000, 2),
(1181, '2020-06-06', 2, 2033, 50825000, 2),
(1182, '2020-06-07', 2, 1672, 41800000, 2),
(1183, '2020-06-08', 2, 1868, 46700000, 2),
(1184, '2020-06-09', 2, 2364, 59100000, 2),
(1185, '2020-06-10', 2, 2316, 57900000, 2),
(1186, '2020-06-11', 2, 2371, 59275000, 2),
(1187, '2020-06-12', 2, 2064, 51600000, 2),
(1188, '2020-06-13', 2, 2476, 61900000, 2),
(1189, '2020-06-14', 2, 2301, 57525000, 2),
(1190, '2020-06-15', 2, 1966, 49150000, 2),
(1191, '2020-06-16', 2, 2395, 59875000, 2),
(1192, '2020-06-17', 2, 2002, 50050000, 2),
(1193, '2020-06-18', 2, 2036, 50900000, 2),
(1194, '2020-06-19', 2, 2371, 59275000, 2),
(1195, '2020-06-20', 2, 1894, 47350000, 2),
(1196, '2020-06-21', 2, 1668, 41700000, 2),
(1197, '2020-06-22', 2, 2002, 50050000, 2),
(1198, '2020-06-23', 2, 1843, 46075000, 2),
(1199, '2020-06-24', 2, 1982, 49550000, 2),
(1200, '2020-06-25', 2, 2159, 53975000, 2),
(1201, '2020-06-26', 2, 2457, 61425000, 2),
(1202, '2020-06-27', 2, 2280, 57000000, 2),
(1203, '2020-06-28', 2, 1659, 41475000, 2),
(1204, '2020-06-29', 2, 1827, 45675000, 2),
(1205, '2020-06-30', 2, 1911, 47775000, 2),
(1206, '2020-07-01', 2, 2402, 60050000, 2),
(1207, '2020-07-02', 2, 2366, 59150000, 2),
(1208, '2020-07-03', 2, 2585, 64625000, 2),
(1209, '2020-07-04', 2, 2591, 64775000, 2),
(1210, '2020-07-05', 2, 1834, 45850000, 2),
(1211, '2020-07-06', 2, 1973, 49325000, 2),
(1212, '2020-07-07', 2, 2372, 59300000, 2),
(1213, '2020-07-08', 2, 2209, 55225000, 2),
(1214, '2020-07-09', 2, 2204, 55100000, 2),
(1215, '2020-07-10', 2, 1785, 44625000, 2),
(1216, '2020-07-11', 2, 1942, 48550000, 2),
(1217, '2020-07-12', 2, 2229, 55725000, 2),
(1218, '2020-07-13', 2, 1930, 48250000, 2),
(1219, '2020-07-14', 2, 1824, 45600000, 2),
(1220, '2020-07-15', 2, 2200, 55000000, 2),
(1221, '2020-07-16', 2, 2324, 58100000, 2),
(1222, '2020-07-17', 2, 1943, 48575000, 2),
(1223, '2020-07-18', 2, 1796, 44900000, 2),
(1224, '2020-07-19', 2, 2078, 51950000, 2),
(1225, '2020-07-20', 2, 2231, 55775000, 2),
(1226, '2020-07-21', 2, 2017, 50425000, 2),
(1227, '2020-07-22', 2, 2334, 58350000, 2),
(1228, '2020-07-23', 2, 2125, 53125000, 2),
(1229, '2020-07-24', 2, 2566, 64150000, 2),
(1230, '2020-07-25', 2, 2150, 53750000, 2),
(1231, '2020-07-26', 2, 2411, 60275000, 2),
(1232, '2020-07-27', 2, 1924, 48100000, 2),
(1233, '2020-07-28', 2, 2263, 56575000, 2),
(1234, '2020-07-29', 2, 2068, 51700000, 2),
(1235, '2020-07-30', 2, 2442, 61050000, 2),
(1236, '2020-07-31', 2, 1716, 42900000, 2),
(1237, '2020-08-01', 2, 1897, 47425000, 2),
(1238, '2020-08-02', 2, 2416, 60400000, 2),
(1239, '2020-08-03', 2, 2162, 54050000, 2),
(1240, '2020-08-04', 2, 2411, 60275000, 2),
(1241, '2020-08-05', 2, 1877, 46925000, 2),
(1242, '2020-08-06', 2, 1990, 49750000, 2),
(1243, '2020-08-07', 2, 1918, 47950000, 2),
(1244, '2020-08-08', 2, 2403, 60075000, 2),
(1245, '2020-08-09', 2, 1873, 46825000, 2),
(1246, '2020-08-10', 2, 2457, 61425000, 2),
(1247, '2020-08-11', 2, 2591, 64775000, 2),
(1248, '2020-08-12', 2, 2484, 62100000, 2),
(1249, '2020-08-13', 2, 2369, 59225000, 2),
(1250, '2020-08-14', 2, 2003, 50075000, 2),
(1251, '2020-08-15', 2, 2213, 55325000, 2),
(1252, '2020-08-16', 2, 1937, 48425000, 2),
(1253, '2020-08-17', 2, 2414, 60350000, 2),
(1254, '2020-08-18', 2, 2247, 56175000, 2),
(1255, '2020-08-19', 2, 1941, 48525000, 2),
(1256, '2020-08-20', 2, 2133, 53325000, 2),
(1257, '2020-08-21', 2, 2087, 52175000, 2),
(1258, '2020-08-22', 2, 2571, 64275000, 2),
(1259, '2020-08-23', 2, 1897, 47425000, 2),
(1260, '2020-08-24', 2, 2675, 66875000, 2),
(1261, '2020-08-25', 2, 1870, 46750000, 2),
(1262, '2020-08-26', 2, 2491, 62275000, 2),
(1263, '2020-08-27', 2, 2182, 54550000, 2),
(1264, '2020-08-28', 2, 2060, 51500000, 2),
(1265, '2020-08-29', 2, 2657, 66425000, 2),
(1266, '2020-08-30', 2, 2562, 64050000, 2),
(1267, '2020-08-31', 2, 1935, 48375000, 2),
(1268, '2020-09-01', 2, 1803, 45075000, 2),
(1269, '2020-09-02', 2, 2657, 66425000, 2),
(1270, '2020-09-03', 2, 2324, 58100000, 2),
(1271, '2020-09-04', 2, 2322, 58050000, 2),
(1272, '2020-09-05', 2, 2314, 57850000, 2),
(1273, '2020-09-06', 2, 2253, 56325000, 2),
(1274, '2020-09-07', 2, 2544, 63600000, 2),
(1275, '2020-09-08', 2, 1963, 49075000, 2),
(1276, '2020-09-09', 2, 1991, 49775000, 2),
(1277, '2020-09-10', 2, 2006, 50150000, 2),
(1278, '2020-09-11', 2, 1857, 46425000, 2),
(1279, '2020-09-12', 2, 2199, 54975000, 2),
(1280, '2020-09-13', 2, 2191, 54775000, 2),
(1281, '2020-09-14', 2, 2442, 61050000, 2),
(1282, '2020-09-15', 2, 2039, 50975000, 2),
(1283, '2020-09-16', 2, 1960, 49000000, 2),
(1284, '2020-09-17', 2, 2532, 63300000, 2),
(1285, '2020-09-18', 2, 2360, 59000000, 2),
(1286, '2020-09-19', 2, 1909, 47725000, 2),
(1287, '2020-09-20', 2, 2241, 56025000, 2),
(1288, '2020-09-21', 2, 1877, 46925000, 2),
(1289, '2020-09-22', 2, 1975, 49375000, 2),
(1290, '2020-09-23', 2, 2096, 52400000, 2),
(1291, '2020-09-24', 2, 2138, 53450000, 2),
(1292, '2020-09-25', 2, 2189, 54725000, 2),
(1293, '2020-09-26', 2, 2206, 55150000, 2),
(1294, '2020-09-27', 2, 2383, 59575000, 2),
(1295, '2020-09-28', 2, 1944, 48600000, 2),
(1296, '2020-09-29', 2, 1965, 49125000, 2),
(1297, '2020-09-30', 2, 2390, 59750000, 2),
(1298, '2020-10-01', 2, 2152, 53800000, 2),
(1299, '2020-10-02', 2, 2090, 52250000, 2),
(1300, '2020-10-03', 2, 1899, 47475000, 2),
(1301, '2020-10-04', 2, 2234, 55850000, 2),
(1302, '2020-10-05', 2, 1893, 47325000, 2),
(1303, '2020-10-06', 2, 1810, 45250000, 2),
(1304, '2020-10-07', 2, 2588, 64700000, 2),
(1305, '2020-10-08', 2, 1876, 46900000, 2),
(1306, '2020-10-09', 2, 1997, 49925000, 2),
(1307, '2020-10-10', 2, 2269, 56725000, 2),
(1308, '2020-10-11', 2, 1957, 48925000, 2),
(1309, '2020-10-12', 2, 2462, 61550000, 2),
(1310, '2020-10-13', 2, 2350, 58750000, 2),
(1311, '2020-10-14', 2, 2036, 50900000, 2),
(1312, '2020-10-15', 2, 2348, 58700000, 2),
(1313, '2020-10-16', 2, 1802, 45050000, 2),
(1314, '2020-10-17', 2, 1863, 46575000, 2),
(1315, '2020-10-18', 2, 2089, 52225000, 2),
(1316, '2020-10-19', 2, 2105, 52625000, 2),
(1317, '2020-10-20', 2, 2254, 56350000, 2),
(1318, '2020-10-21', 2, 2637, 65925000, 2),
(1319, '2020-10-22', 2, 2261, 56525000, 2),
(1320, '2020-10-23', 2, 1929, 48225000, 2),
(1321, '2020-10-24', 2, 1892, 47300000, 2),
(1322, '2020-10-25', 2, 1988, 49700000, 2),
(1323, '2020-10-26', 2, 2671, 66775000, 2),
(1324, '2020-10-27', 2, 2307, 57675000, 2),
(1325, '2020-10-28', 2, 1836, 45900000, 2),
(1326, '2020-10-29', 2, 2658, 66450000, 2),
(1327, '2020-10-30', 2, 2392, 59800000, 2),
(1328, '2020-10-31', 2, 2225, 55625000, 2),
(1329, '2020-11-01', 2, 2629, 65725000, 2),
(1330, '2020-11-02', 2, 2340, 58500000, 2),
(1331, '2020-11-03', 2, 2667, 66675000, 2),
(1332, '2020-11-04', 2, 2262, 56550000, 2),
(1333, '2020-11-05', 2, 2379, 59475000, 2),
(1334, '2020-11-06', 2, 2345, 58625000, 2),
(1335, '2020-11-07', 2, 2078, 51950000, 2),
(1336, '2020-11-08', 2, 2321, 58025000, 2),
(1337, '2020-11-09', 2, 2102, 52550000, 2),
(1338, '2020-11-10', 2, 2508, 62700000, 2),
(1339, '2020-11-11', 2, 1954, 48850000, 2),
(1340, '2020-11-12', 2, 2402, 60050000, 2),
(1341, '2020-11-13', 2, 1905, 47625000, 2),
(1342, '2020-11-14', 2, 2032, 50800000, 2),
(1343, '2020-11-15', 2, 2011, 50275000, 2),
(1344, '2020-11-16', 2, 2012, 50300000, 2),
(1345, '2020-11-17', 2, 1829, 45725000, 2),
(1346, '2020-11-18', 2, 1972, 49300000, 2),
(1347, '2020-11-19', 2, 2067, 51675000, 2),
(1348, '2020-11-20', 2, 2171, 54275000, 2),
(1349, '2020-11-21', 2, 2539, 63475000, 2),
(1350, '2020-11-22', 2, 1841, 46025000, 2),
(1351, '2020-11-23', 2, 2351, 58775000, 2),
(1352, '2020-11-24', 2, 2041, 51025000, 2),
(1353, '2020-11-25', 2, 2038, 50950000, 2),
(1354, '2020-11-26', 2, 2131, 53275000, 2),
(1355, '2020-11-27', 2, 2403, 60075000, 2),
(1356, '2020-11-28', 2, 2388, 59700000, 2),
(1357, '2020-11-29', 2, 2504, 62600000, 2),
(1358, '2020-11-30', 2, 2460, 61500000, 2),
(1359, '2020-12-01', 2, 1918, 47950000, 2),
(1360, '2020-12-02', 2, 2691, 67275000, 2),
(1361, '2020-12-03', 2, 2251, 56275000, 2),
(1362, '2020-12-04', 2, 2634, 65850000, 2),
(1363, '2020-12-05', 2, 2236, 55900000, 2),
(1364, '2020-12-06', 2, 2529, 63225000, 2),
(1365, '2020-12-07', 2, 2343, 58575000, 2),
(1366, '2020-12-08', 2, 2669, 66725000, 2),
(1367, '2020-12-09', 2, 2011, 50275000, 2),
(1368, '2020-12-10', 2, 2478, 61950000, 2),
(1369, '2020-12-11', 2, 2545, 63625000, 2),
(1370, '2020-12-12', 2, 1953, 48825000, 2),
(1371, '2020-12-13', 2, 2628, 65700000, 2),
(1372, '2020-12-14', 2, 1990, 49750000, 2),
(1373, '2020-12-15', 2, 1912, 47800000, 2),
(1374, '2020-12-16', 2, 1878, 46950000, 2),
(1375, '2020-12-17', 2, 1807, 45175000, 2),
(1376, '2020-12-18', 2, 2505, 62625000, 2),
(1377, '2020-12-19', 2, 1961, 49025000, 2),
(1378, '2020-12-20', 2, 2405, 60125000, 2),
(1379, '2020-12-21', 2, 2493, 62325000, 2),
(1380, '2020-12-22', 2, 2017, 50425000, 2),
(1381, '2020-12-23', 2, 1866, 46650000, 2),
(1382, '2020-12-24', 2, 2578, 64450000, 2),
(1383, '2020-12-25', 2, 2298, 57450000, 2),
(1384, '2020-12-26', 2, 2491, 62275000, 2),
(1385, '2020-12-27', 2, 2498, 62450000, 2),
(1386, '2020-12-28', 2, 2075, 51875000, 2),
(1387, '2020-12-29', 2, 2278, 56950000, 2),
(1388, '2020-12-30', 2, 2507, 62675000, 2),
(1389, '2020-12-31', 2, 1950, 48750000, 2),
(1390, '2021-01-01', 2, 2218, 55450000, 2),
(1391, '2021-01-02', 2, 1790, 44750000, 2),
(1392, '2021-01-03', 2, 2556, 63900000, 2),
(1393, '2021-01-04', 2, 2227, 55675000, 2),
(1394, '2021-01-05', 2, 1895, 47375000, 2),
(1395, '2021-01-06', 2, 2518, 62950000, 2),
(1396, '2021-01-07', 2, 1907, 47675000, 2),
(1397, '2021-01-08', 2, 1912, 47800000, 2),
(1398, '2021-01-09', 2, 2340, 58500000, 2),
(1399, '2021-01-10', 2, 2021, 50525000, 2),
(1400, '2021-01-11', 2, 2250, 56250000, 2),
(1401, '2021-01-12', 2, 2558, 63950000, 2),
(1402, '2021-01-13', 2, 1819, 45475000, 2),
(1403, '2021-01-14', 2, 1759, 43975000, 2),
(1404, '2021-01-15', 2, 2569, 64225000, 2),
(1405, '2021-01-16', 2, 2283, 57075000, 2),
(1406, '2021-01-17', 2, 2550, 63750000, 2),
(1407, '2021-01-18', 2, 2186, 54650000, 2),
(1408, '2021-01-19', 2, 2380, 59500000, 2),
(1409, '2021-01-20', 2, 2475, 61875000, 2),
(1410, '2021-01-21', 2, 1979, 49475000, 2),
(1411, '2021-01-22', 2, 2552, 63800000, 2),
(1412, '2021-01-23', 2, 2187, 54675000, 2),
(1413, '2021-01-24', 2, 2506, 62650000, 2),
(1414, '2021-01-25', 2, 2279, 56975000, 2),
(1415, '2021-01-26', 2, 2307, 57675000, 2),
(1416, '2021-01-27', 2, 2446, 61150000, 2),
(1417, '2021-01-28', 2, 2266, 56650000, 2),
(1418, '2021-01-29', 2, 2338, 58450000, 2),
(1419, '2021-01-30', 2, 2044, 51100000, 2),
(1420, '2021-01-31', 2, 1865, 46625000, 2),
(1421, '2021-02-01', 2, 2092, 52300000, 2),
(1422, '2021-02-02', 2, 2390, 59750000, 2),
(1423, '2021-02-03', 2, 1909, 47725000, 2),
(1424, '2021-02-04', 2, 1828, 45700000, 2),
(1425, '2021-02-05', 2, 1960, 49000000, 2),
(1426, '2021-02-06', 2, 2236, 55900000, 2),
(1427, '2021-02-07', 2, 2181, 54525000, 2),
(1428, '2021-02-08', 2, 1710, 42750000, 2),
(1429, '2021-02-09', 2, 2510, 62750000, 2),
(1430, '2021-02-10', 2, 1856, 46400000, 2),
(1431, '2021-02-11', 2, 2016, 50400000, 2),
(1432, '2021-02-12', 2, 1755, 43875000, 2),
(1433, '2021-02-13', 2, 2341, 58525000, 2),
(1434, '2021-02-14', 2, 1721, 43025000, 2),
(1435, '2021-02-15', 2, 2081, 52025000, 2),
(1436, '2021-02-16', 2, 1706, 42650000, 2),
(1437, '2021-02-17', 2, 2302, 57550000, 2),
(1438, '2021-02-18', 2, 2536, 63400000, 2),
(1439, '2021-02-19', 2, 2087, 52175000, 2),
(1440, '2021-02-20', 2, 2491, 62275000, 2),
(1441, '2021-02-21', 2, 2546, 63650000, 2),
(1442, '2021-02-22', 2, 2408, 60200000, 2),
(1443, '2021-02-23', 2, 2362, 59050000, 2),
(1444, '2021-02-24', 2, 2227, 55675000, 2),
(1445, '2021-02-25', 2, 1877, 46925000, 2),
(1446, '2021-02-26', 2, 2499, 62475000, 2),
(1447, '2021-02-27', 2, 2324, 58100000, 2),
(1448, '2021-02-28', 2, 2162, 54050000, 2),
(1449, '2021-03-01', 2, 2272, 56800000, 2),
(1450, '2021-03-02', 2, 2393, 59825000, 2),
(1451, '2021-03-03', 2, 1786, 44650000, 2),
(1452, '2021-03-04', 2, 2148, 53700000, 2),
(1453, '2021-03-05', 2, 2260, 56500000, 2),
(1454, '2021-03-06', 2, 1808, 45200000, 2),
(1455, '2021-03-07', 2, 2179, 54475000, 2),
(1456, '2021-03-08', 2, 2029, 50725000, 2),
(1457, '2021-03-09', 2, 2413, 60325000, 2),
(1458, '2021-03-10', 2, 2513, 62825000, 2),
(1459, '2021-03-11', 2, 1938, 48450000, 2),
(1460, '2021-03-12', 2, 1744, 43600000, 2),
(1461, '2021-03-13', 2, 2075, 51875000, 2),
(1462, '2021-03-14', 2, 2587, 64675000, 2),
(1463, '2021-03-15', 2, 2363, 59075000, 2),
(1464, '2021-03-16', 2, 2564, 64100000, 2),
(1465, '2021-03-17', 2, 1780, 44500000, 2),
(1466, '2021-03-18', 2, 1793, 44825000, 2),
(1467, '2021-03-19', 2, 2574, 64350000, 2),
(1468, '2021-03-20', 2, 2499, 62475000, 2),
(1469, '2021-03-21', 2, 1808, 45200000, 2),
(1470, '2021-03-22', 2, 2485, 62125000, 2),
(1471, '2021-03-23', 2, 2530, 63250000, 2),
(1472, '2021-03-24', 2, 1919, 47975000, 2),
(1473, '2021-03-25', 2, 2200, 55000000, 2),
(1474, '2021-03-26', 2, 2525, 63125000, 2),
(1475, '2021-03-27', 2, 2001, 50025000, 2),
(1476, '2021-03-28', 2, 2444, 61100000, 2),
(1477, '2021-03-29', 2, 2054, 51350000, 2),
(1478, '2021-03-30', 2, 2560, 64000000, 2),
(1479, '2021-03-31', 2, 2372, 59300000, 2),
(1480, '2021-04-01', 2, 2272, 56800000, 2),
(1481, '2021-04-02', 2, 2065, 51625000, 2),
(1482, '2021-04-03', 2, 2377, 59425000, 2),
(1483, '2021-04-04', 2, 1779, 44475000, 2),
(1484, '2021-04-05', 2, 2124, 53100000, 2),
(1485, '2021-04-06', 2, 2546, 63650000, 2),
(1486, '2021-04-07', 2, 2130, 53250000, 2),
(1487, '2021-04-08', 2, 2372, 59300000, 2),
(1488, '2021-04-09', 2, 1884, 47100000, 2),
(1489, '2021-04-10', 2, 1910, 47750000, 2);
INSERT INTO `penjualan` (`id`, `tanggal`, `id_jenis_ikan`, `jumlah_terjual`, `total_harga`, `id_pengguna`) VALUES
(1490, '2021-04-11', 2, 2528, 63200000, 2),
(1491, '2021-04-12', 2, 1744, 43600000, 2),
(1492, '2021-04-13', 2, 2244, 56100000, 2),
(1493, '2021-04-14', 2, 1747, 43675000, 2),
(1494, '2021-04-15', 2, 2044, 51100000, 2),
(1495, '2021-04-16', 2, 2495, 62375000, 2),
(1496, '2021-04-17', 2, 2230, 55750000, 2),
(1497, '2021-04-18', 2, 2528, 63200000, 2),
(1498, '2021-04-19', 2, 2482, 62050000, 2),
(1499, '2021-04-20', 2, 2205, 55125000, 2),
(1500, '2021-04-21', 2, 2234, 55850000, 2),
(1501, '2021-04-22', 2, 2426, 60650000, 2),
(1502, '2021-04-23', 2, 1995, 49875000, 2),
(1503, '2021-04-24', 2, 1796, 44900000, 2),
(1504, '2021-04-25', 2, 2157, 53925000, 2),
(1505, '2021-04-26', 2, 2532, 63300000, 2),
(1506, '2021-04-27', 2, 1981, 49525000, 2),
(1507, '2021-04-28', 2, 2461, 61525000, 2),
(1508, '2021-04-29', 2, 1967, 49175000, 2),
(1509, '2021-04-30', 2, 1849, 46225000, 2),
(1510, '2021-05-01', 2, 2069, 51725000, 2),
(1511, '2021-05-02', 2, 2200, 55000000, 2),
(1512, '2021-05-03', 2, 2594, 64850000, 2),
(1513, '2021-05-04', 2, 2454, 61350000, 2),
(1514, '2021-05-05', 2, 1856, 46400000, 2),
(1515, '2021-05-06', 2, 2137, 53425000, 2),
(1516, '2021-05-07', 2, 1887, 47175000, 2),
(1517, '2021-05-08', 2, 2172, 54300000, 2),
(1518, '2021-05-09', 2, 1806, 45150000, 2),
(1519, '2021-05-10', 2, 1866, 46650000, 2),
(1520, '2021-05-11', 2, 2331, 58275000, 2),
(1521, '2021-05-12', 2, 2022, 50550000, 2),
(1522, '2021-05-13', 2, 2159, 53975000, 2),
(1523, '2021-05-14', 2, 2139, 53475000, 2),
(1524, '2021-05-15', 2, 2449, 61225000, 2),
(1525, '2021-05-16', 2, 2113, 52825000, 2),
(1526, '2021-05-17', 2, 2006, 50150000, 2),
(1527, '2021-05-18', 2, 2546, 63650000, 2),
(1528, '2021-05-19', 2, 2516, 62900000, 2),
(1529, '2021-05-20', 2, 1762, 44050000, 2),
(1530, '2021-05-21', 2, 2471, 61775000, 2),
(1531, '2021-05-22', 2, 2277, 56925000, 2),
(1532, '2021-05-23', 2, 2171, 54275000, 2),
(1533, '2021-05-24', 2, 2330, 58250000, 2),
(1534, '2021-05-25', 2, 2119, 52975000, 2),
(1535, '2021-05-26', 2, 2406, 60150000, 2),
(1536, '2021-05-27', 2, 1750, 43750000, 2),
(1537, '2021-05-28', 2, 2307, 57675000, 2),
(1538, '2021-05-29', 2, 2299, 57475000, 2),
(1539, '2021-05-30', 2, 1802, 45050000, 2),
(1540, '2021-05-31', 2, 1951, 48775000, 2),
(1541, '2021-06-01', 2, 2235, 55875000, 2),
(1542, '2021-06-02', 2, 2493, 62325000, 2),
(1543, '2021-06-03', 2, 1858, 46450000, 2),
(1544, '2021-06-04', 2, 2595, 64875000, 2),
(1545, '2021-06-05', 2, 2217, 55425000, 2),
(1546, '2021-06-06', 2, 2374, 59350000, 2),
(1547, '2021-06-07', 2, 2157, 53925000, 2),
(1548, '2021-06-08', 2, 1906, 47650000, 2),
(1549, '2021-06-09', 2, 2235, 55875000, 2),
(1550, '2021-06-10', 2, 2074, 51850000, 2),
(1551, '2021-06-11', 2, 2433, 60825000, 2),
(1552, '2021-06-12', 2, 1884, 47100000, 2),
(1553, '2021-06-13', 2, 2547, 63675000, 2),
(1554, '2021-06-14', 2, 2530, 63250000, 2),
(1555, '2021-06-15', 2, 2446, 61150000, 2),
(1556, '2021-06-16', 2, 2421, 60525000, 2),
(1557, '2021-06-17', 2, 2158, 53950000, 2),
(1558, '2021-06-18', 2, 2184, 54600000, 2),
(1559, '2021-06-19', 2, 2373, 59325000, 2),
(1560, '2021-06-20', 2, 2341, 58525000, 2),
(1561, '2021-06-21', 2, 2308, 57700000, 2),
(1562, '2021-06-22', 2, 1940, 48500000, 2),
(1563, '2021-06-23', 2, 1759, 43975000, 2),
(1564, '2021-06-24', 2, 2427, 60675000, 2),
(1565, '2021-06-25', 2, 2222, 55550000, 2),
(1566, '2021-06-26', 2, 2009, 50225000, 2),
(1567, '2021-06-27', 2, 1860, 46500000, 2),
(1568, '2021-06-28', 2, 2133, 53325000, 2),
(1569, '2021-06-29', 2, 2510, 62750000, 2),
(1570, '2021-06-30', 2, 2308, 57700000, 2),
(1571, '2021-07-01', 2, 2018, 50450000, 2),
(1572, '2021-07-02', 2, 2549, 63725000, 2),
(1573, '2021-07-03', 2, 2254, 56350000, 2),
(1574, '2021-07-04', 2, 2286, 57150000, 2),
(1575, '2021-07-05', 2, 2174, 54350000, 2),
(1576, '2021-07-06', 2, 2096, 52400000, 2),
(1577, '2021-07-07', 2, 2484, 62100000, 2),
(1578, '2021-07-08', 2, 2266, 56650000, 2),
(1579, '2021-07-09', 2, 2521, 63025000, 2),
(1580, '2021-07-10', 2, 2079, 51975000, 2),
(1581, '2021-07-11', 2, 2347, 58675000, 2),
(1582, '2021-07-12', 2, 2371, 59275000, 2),
(1583, '2021-07-13', 2, 2249, 56225000, 2),
(1584, '2021-07-14', 2, 2133, 53325000, 2),
(1585, '2021-07-15', 2, 2120, 53000000, 2),
(1586, '2021-07-16', 2, 2022, 50550000, 2),
(1587, '2021-07-17', 2, 1902, 47550000, 2),
(1588, '2021-07-18', 2, 2377, 59425000, 2),
(1589, '2021-07-19', 2, 2039, 50975000, 2),
(1590, '2021-07-20', 2, 2216, 55400000, 2),
(1591, '2021-07-21', 2, 1701, 42525000, 2),
(1592, '2021-07-22', 2, 1765, 44125000, 2),
(1593, '2021-07-23', 2, 2272, 56800000, 2),
(1594, '2021-07-24', 2, 2450, 61250000, 2),
(1595, '2021-07-25', 2, 1850, 46250000, 2),
(1596, '2021-07-26', 2, 2500, 62500000, 2),
(1597, '2021-07-27', 2, 2544, 63600000, 2),
(1598, '2021-07-28', 2, 2094, 52350000, 2),
(1599, '2021-07-29', 2, 2525, 63125000, 2),
(1600, '2021-07-30', 2, 1982, 49550000, 2),
(1601, '2021-07-31', 2, 2112, 52800000, 2),
(1602, '2021-08-01', 2, 1920, 48000000, 2),
(1603, '2021-08-02', 2, 1731, 43275000, 2),
(1604, '2021-08-03', 2, 1907, 47675000, 2),
(1605, '2021-08-04', 2, 2354, 58850000, 2),
(1606, '2021-08-05', 2, 2149, 53725000, 2),
(1607, '2021-08-06', 2, 1862, 46550000, 2),
(1608, '2021-08-07', 2, 2218, 55450000, 2),
(1609, '2021-08-08', 2, 2334, 58350000, 2),
(1610, '2021-08-09', 2, 2519, 62975000, 2),
(1611, '2021-08-10', 2, 2317, 57925000, 2),
(1612, '2021-08-11', 2, 1913, 47825000, 2),
(1613, '2021-08-12', 2, 2006, 50150000, 2),
(1614, '2021-08-13', 2, 2269, 56725000, 2),
(1615, '2021-08-14', 2, 1841, 46025000, 2),
(1616, '2021-08-15', 2, 1764, 44100000, 2),
(1617, '2021-08-16', 2, 1750, 43750000, 2),
(1618, '2021-08-17', 2, 2398, 59950000, 2),
(1619, '2021-08-18', 2, 1916, 47900000, 2),
(1620, '2021-08-19', 2, 2253, 56325000, 2),
(1621, '2021-08-20', 2, 2486, 62150000, 2),
(1622, '2021-08-21', 2, 2087, 52175000, 2),
(1623, '2021-08-22', 2, 2297, 57425000, 2),
(1624, '2021-08-23', 2, 2587, 64675000, 2),
(1625, '2021-08-24', 2, 2014, 50350000, 2),
(1626, '2021-08-25', 2, 2551, 63775000, 2),
(1627, '2021-08-26', 2, 1763, 44075000, 2),
(1628, '2021-08-27', 2, 2007, 50175000, 2),
(1629, '2021-08-28', 2, 1799, 44975000, 2),
(1630, '2021-08-29', 2, 2079, 51975000, 2),
(1631, '2021-08-30', 2, 1924, 48100000, 2),
(1632, '2021-08-31', 2, 1702, 42550000, 2),
(1633, '2021-09-01', 2, 2170, 54250000, 2),
(1634, '2021-09-02', 2, 2513, 62825000, 2),
(1635, '2021-09-03', 2, 1705, 42625000, 2),
(1636, '2021-09-04', 2, 2597, 64925000, 2),
(1637, '2021-09-05', 2, 2553, 63825000, 2),
(1638, '2021-09-06', 2, 2412, 60300000, 2),
(1639, '2021-09-07', 2, 2059, 51475000, 2),
(1640, '2021-09-08', 2, 2042, 51050000, 2),
(1641, '2021-09-09', 2, 1826, 45650000, 2),
(1642, '2021-09-10', 2, 2033, 50825000, 2),
(1643, '2021-09-11', 2, 2588, 64700000, 2),
(1644, '2021-09-12', 2, 1830, 45750000, 2),
(1645, '2021-09-13', 2, 2191, 54775000, 2),
(1646, '2021-09-14', 2, 1837, 45925000, 2),
(1647, '2021-09-15', 2, 2144, 53600000, 2),
(1648, '2021-09-16', 2, 2504, 62600000, 2),
(1649, '2021-09-17', 2, 2275, 56875000, 2),
(1650, '2021-09-18', 2, 2557, 63925000, 2),
(1651, '2021-09-19', 2, 2246, 56150000, 2),
(1652, '2021-09-20', 2, 2390, 59750000, 2),
(1653, '2021-09-21', 2, 1724, 43100000, 2),
(1654, '2021-09-22', 2, 1871, 46775000, 2),
(1655, '2021-09-23', 2, 2253, 56325000, 2),
(1656, '2021-09-24', 2, 1968, 49200000, 2),
(1657, '2021-09-25', 2, 2331, 58275000, 2),
(1658, '2021-09-26', 2, 1718, 42950000, 2),
(1659, '2021-09-27', 2, 1940, 48500000, 2),
(1660, '2021-09-28', 2, 2560, 64000000, 2),
(1661, '2021-09-29', 2, 2319, 57975000, 2),
(1662, '2021-09-30', 2, 1875, 46875000, 2),
(1663, '2021-10-01', 2, 2175, 54375000, 2),
(1664, '2021-10-02', 2, 1835, 45875000, 2),
(1665, '2021-10-03', 2, 2051, 51275000, 2),
(1666, '2021-10-04', 2, 2150, 53750000, 2),
(1667, '2021-10-05', 2, 2491, 62275000, 2),
(1668, '2021-10-06', 2, 2055, 51375000, 2),
(1669, '2021-10-07', 2, 1721, 43025000, 2),
(1670, '2021-10-08', 2, 2438, 60950000, 2),
(1671, '2021-10-09', 2, 2076, 51900000, 2),
(1672, '2021-10-10', 2, 1802, 45050000, 2),
(1673, '2021-10-11', 2, 2551, 63775000, 2),
(1674, '2021-10-12', 2, 2124, 53100000, 2),
(1675, '2021-10-13', 2, 2003, 50075000, 2),
(1676, '2021-10-14', 2, 1999, 49975000, 2),
(1677, '2021-10-15', 2, 1776, 44400000, 2),
(1678, '2021-10-16', 2, 2238, 55950000, 2),
(1679, '2021-10-17', 2, 1891, 47275000, 2),
(1680, '2021-10-18', 2, 1790, 44750000, 2),
(1681, '2021-10-19', 2, 2047, 51175000, 2),
(1682, '2021-10-20', 2, 2411, 60275000, 2),
(1683, '2021-10-21', 2, 1899, 47475000, 2),
(1684, '2021-10-22', 2, 1741, 43525000, 2),
(1685, '2021-10-23', 2, 2530, 63250000, 2),
(1686, '2021-10-24', 2, 1705, 42625000, 2),
(1687, '2021-10-25', 2, 2221, 55525000, 2),
(1688, '2021-10-26', 2, 2491, 62275000, 2),
(1689, '2021-10-27', 2, 1976, 49400000, 2),
(1690, '2021-10-28', 2, 1816, 45400000, 2),
(1691, '2021-10-29', 2, 2080, 52000000, 2),
(1692, '2021-10-30', 2, 1745, 43625000, 2),
(1693, '2021-10-31', 2, 1834, 45850000, 2),
(1694, '2021-11-01', 2, 1842, 46050000, 2),
(1695, '2021-11-02', 2, 2535, 63375000, 2),
(1696, '2021-11-03', 2, 2592, 64800000, 2),
(1697, '2021-11-04', 2, 2171, 54275000, 2),
(1698, '2021-11-05', 2, 1822, 45550000, 2),
(1699, '2021-11-06', 2, 2288, 57200000, 2),
(1700, '2021-11-07', 2, 2165, 54125000, 2),
(1701, '2021-11-08', 2, 2504, 62600000, 2),
(1702, '2021-11-09', 2, 2059, 51475000, 2),
(1703, '2021-11-10', 2, 2588, 64700000, 2),
(1704, '2021-11-11', 2, 1798, 44950000, 2),
(1705, '2021-11-12', 2, 2109, 52725000, 2),
(1706, '2021-11-13', 2, 2247, 56175000, 2),
(1707, '2021-11-14', 2, 1760, 44000000, 2),
(1708, '2021-11-15', 2, 2285, 57125000, 2),
(1709, '2021-11-16', 2, 2278, 56950000, 2),
(1710, '2021-11-17', 2, 2028, 50700000, 2),
(1711, '2021-11-18', 2, 2430, 60750000, 2),
(1712, '2021-11-19', 2, 1872, 46800000, 2),
(1713, '2021-11-20', 2, 2045, 51125000, 2),
(1714, '2021-11-21', 2, 2493, 62325000, 2),
(1715, '2021-11-22', 2, 2070, 51750000, 2),
(1716, '2021-11-23', 2, 1716, 42900000, 2),
(1717, '2021-11-24', 2, 2394, 59850000, 2),
(1718, '2021-11-25', 2, 1979, 49475000, 2),
(1719, '2021-11-26', 2, 1949, 48725000, 2),
(1720, '2021-11-27', 2, 1732, 43300000, 2),
(1721, '2021-11-28', 2, 2600, 65000000, 2),
(1722, '2021-11-29', 2, 2475, 61875000, 2),
(1723, '2021-11-30', 2, 2106, 52650000, 2),
(1724, '2021-12-01', 2, 1755, 43875000, 2),
(1725, '2021-12-02', 2, 2387, 59675000, 2),
(1726, '2021-12-03', 2, 2372, 59300000, 2),
(1727, '2021-12-04', 2, 2073, 51825000, 2),
(1728, '2021-12-05', 2, 1808, 45200000, 2),
(1729, '2021-12-06', 2, 2477, 61925000, 2),
(1730, '2021-12-07', 2, 2011, 50275000, 2),
(1731, '2021-12-08', 2, 2246, 56150000, 2),
(1732, '2021-12-09', 2, 1950, 48750000, 2),
(1733, '2021-12-10', 2, 2047, 51175000, 2),
(1734, '2021-12-11', 2, 2328, 58200000, 2),
(1735, '2021-12-12', 2, 1833, 45825000, 2),
(1736, '2021-12-13', 2, 2434, 60850000, 2),
(1737, '2021-12-14', 2, 2315, 57875000, 2),
(1738, '2021-12-15', 2, 2237, 55925000, 2),
(1739, '2021-12-16', 2, 1705, 42625000, 2),
(1740, '2021-12-17', 2, 2437, 60925000, 2),
(1741, '2021-12-18', 2, 2021, 50525000, 2),
(1742, '2021-12-19', 2, 1805, 45125000, 2),
(1743, '2021-12-20', 2, 1957, 48925000, 2),
(1744, '2021-12-21', 2, 2023, 50575000, 2),
(1745, '2021-12-22', 2, 2202, 55050000, 2),
(1746, '2021-12-23', 2, 1983, 49575000, 2),
(1747, '2021-12-24', 2, 2087, 52175000, 2),
(1748, '2021-12-25', 2, 2136, 53400000, 2),
(1749, '2021-12-26', 2, 1934, 48350000, 2),
(1750, '2021-12-27', 2, 1956, 48900000, 2),
(1751, '2021-12-28', 2, 2453, 61325000, 2),
(1752, '2021-12-29', 2, 1867, 46675000, 2),
(1753, '2021-12-30', 2, 2210, 55250000, 2),
(1754, '2021-12-31', 2, 2106, 52650000, 2),
(1755, '2022-11-03', 0, 0, 2, 1),
(1756, '2022-11-05', 3, 60000, 2, 3),
(1757, '2022-11-05', 1, 2, 50000, 2);

--
-- Indexes for dumped tables
--

--
-- Indeks untuk tabel `jenis_ikan`
--
ALTER TABLE `jenis_ikan`
  ADD PRIMARY KEY (`id`);

--
-- Indeks untuk tabel `pengguna`
--
ALTER TABLE `pengguna`
  ADD PRIMARY KEY (`id`);

--
-- Indeks untuk tabel `penjualan`
--
ALTER TABLE `penjualan`
  ADD PRIMARY KEY (`id`);

--
-- AUTO_INCREMENT untuk tabel yang dibuang
--

--
-- AUTO_INCREMENT untuk tabel `jenis_ikan`
--
ALTER TABLE `jenis_ikan`
  MODIFY `id` int(11) NOT NULL AUTO_INCREMENT, AUTO_INCREMENT=49;

--
-- AUTO_INCREMENT untuk tabel `pengguna`
--
ALTER TABLE `pengguna`
  MODIFY `id` int(11) NOT NULL AUTO_INCREMENT, AUTO_INCREMENT=3;

--
-- AUTO_INCREMENT untuk tabel `penjualan`
--
ALTER TABLE `penjualan`
  MODIFY `id` int(11) NOT NULL AUTO_INCREMENT, AUTO_INCREMENT=1758;
COMMIT;

/*!40101 SET CHARACTER_SET_CLIENT=@OLD_CHARACTER_SET_CLIENT */;
/*!40101 SET CHARACTER_SET_RESULTS=@OLD_CHARACTER_SET_RESULTS */;
/*!40101 SET COLLATION_CONNECTION=@OLD_COLLATION_CONNECTION */;
